Workbook

Sheet Shpjegim
A1: DITARI PERSONAL I MËSIMDHËNËSIT
A2: Ky tabelar është punuar për të lehtësuar punën e mësimdhënësve në vlerësimin e vazhdueshëm dhe atë përmbledhës duke u bazuar në udhëzimin administrativ të MASHTI mbi vlerësimin e nxënësve. Në të janë përfshirë 11 fleta tri prej të cilave janë "Shpjegimi"në fletën e parë me ngjyrë të kuqe, "Kalendari" me ngjyrë blu, "Orari i ziles" me ngjyrë portokalli dhe "mbuloja" (Koveri), fleta e fundit me ngjyrë të zezë. Në fletën "Koveri" janë të vendosura logot e shtetit, komunës dhe shkollës, emri dhe vendbanimi i shkollës që mund të ndryshohen varësisht nga shkolla, klasa, lënda dhe mësimdhënësi. Poshtë të njëjtës fletë është tabela me pasqyrën vjetore të suksesit të arritur, e shprehur edhe me mesatare dhe përqindje. Kjo tabelë plotësohet në mënyrë automatike, për këtë është vendosur edhe e fundit, ashtu që të plotësohet krejtësisht. 7 fletat tjera janë të njëjta, vetëm duhet ndërruar numrin e klasës, emrat dhe gjininë për meshkuj M dhe për femra F të nxënësve. Këto fleta kanë nga dy faqe ku në faqen e parë janë të dhënat për lëndën dhe mësimdhënësit, nga 4 instrumente të vlerësimit për të dy gjysmëvjetorët shkollor, si dhe përqindjet për vendosjen e kritereve në kuadër të secilit instrument të vlerësimit.Përqindjet dhe instrumentet mund të ndryshohen sipas preferencave të secilit. Shtylla për teste ka edhe numrin e pikëve që duhen për secilën notë bazuar në udhëzimin administrativ të MASHTI për vlerësim. Secili instrument ka nga 5 rubrika për vendosjen e notave nga 1 deri 5. Nota e secilit instrument llogaritet automatikisht. Në faqen e parë ndodhet edhe tabela me të dhënat rreth rezultateve të arritura të nxënësve gjatë vitit shkollor. I tërë tabelari është i printueshëm dhe arsyja pse nuk kam përdorur ngjyra është për të kursyer ngjyrën e printerëve që po na mungon. Më poshtë disa të dhëna për mënyrën e vlerësimit marrë nga udhëzimi administrativ i MASHTI.
A5:  Për një gjysmëvjetor vendosen dy nota, ku koha e planifikimit të vendosjes së tyre është e ndarë propocionalisht me kohëzgjatjen e gjysmëvjetorit  Llojet e instrumenteve për vlerësimin përmbledhës nuk duhen të jenë më pak se tri (3) instrumente vlerësimi.  Nota e vlerësimit për një gjysmëvjetor nxirret si mesatarja aritmetike e dy notave të vlerësimit përmbledhës  Ditari personal ruhet së paku për një shkallë kurrikulare.  Nota e vlerësimit përfundimtar për lëndën mësimore arrihet/vendoset me mesataren aritmetike të notave nga dy gjysmëvjetorët e vitit shkollor.

Sheet 6-1
A1: Punoi Naser A. Guri | B1: SHFMU "EMIN DURAKU" KAÇANIK | S1: Gjysmëvjetori | Y1: i parë, | AG1: i dytë, | AR1: Suksesi përfundimtar
D2: Viti shkollor: | I2: 2023/2024 | M2: Klasa: | P2: VI-1 | S2: Suksesi | X2: Nr. | Z2: % | AB2: M | AC2: F | AD2: gjithsej | AG2: Nr. | AI2: % | AK2: M | AM2: F | AO2: gjithsej | AR2: Nr. | AT2: % | AV2: M | AW2: F | AY2: gjithsej | BE2: NOTA 1 | BJ2: NOTA 2 | BK2: NOTA 1&2 | BL2: GJYSMËVJETORI I | BM2: GJYSMËVJETORI I | BN2: GJYSMËVJETORI II | BO2: GJYSMËVJETORI II | BP2: PËRFUNDIMTARI
S3: shkëlq | X3: =COUNTIF($BM$13:$BM$72,"5") -> 0 | Z3: =X3/$AD$3 -> #DIV/0! | AB3: =COUNTIFS($BM$13:$BM$72,"5",$D$13:$D$72,"M") -> 0 | AC3: =COUNTIFS($BM$13:$BM$72,"5",$D$13:$D$72,"F") -> 0 | AD3: =SUM(X3:Y7) -> 0 | AG3: =COUNTIF($BN$13:$BN$71,"5") -> 0 | AI3: =AG3/$AO$3 -> #DIV/0! | AK3: =COUNTIFS($BN$13:$BN$72,"5",$D$13:$D$72,"M") -> 0 | AM3: =COUNTIFS($BN$13:$BN$72,"5",$D$13:$D$72,"F") -> 0 | AO3: =SUM(AG3:AH7) -> 0 | AR3: =COUNTIF($AZ$13:$AZ$72,"5") -> 0 | AT3: =AR3/$AY$3 -> #DIV/0! | AV3: =COUNTIFS($AZ$13:$AZ$72,"5",$D$13:$D$72,"M") -> 0 | AW3: =COUNTIFS($AZ$13:$AZ$72,"5",$D$13:$D$72,"f") -> 0 | AY3: =SUM(AR3:AS7) -> 0
D4: Fusha kurrikulare | S4: sh.mirë | X4: =COUNTIF($BM$13:$BM$72,"4") -> 0 | Z4: =X4/$AD$3 -> #DIV/0! | AB4: =COUNTIFS($BM$13:$BM$72,"4",$D$13:$D$72,"M") -> 0 | AC4: =COUNTIFS($BM$13:$BM$72,"4",$D$13:$D$72,"F") -> 0 | AD4: Kalojnë | AG4: =COUNTIF($BN$13:$BN$71,"4") -> 0 | AI4: =AG4/$AO$3 -> #DIV/0! | AK4: =COUNTIFS($BN$13:$BN$72,"4",$D$13:$D$72,"M") -> 0 | AM4: =COUNTIFS($BN$13:$BN$72,"4",$D$13:$D$72,"F") -> 0 | AO4: Kalojnë | AR4: =COUNTIF($AZ$13:$AZ$72,"4") -> 0 | AT4: =AR4/$AY$3 -> #DIV/0! | AV4: =COUNTIFS($AZ$13:$AZ$72,"4",$D$13:$D$72,"M") -> 0 | AW4: =COUNTIFS($AZ$13:$AZ$72,"4",$D$13:$D$72,"F") -> 0 | AY4: Kalojnë
D5: Shkencat e natyrës | S5: mirë | X5: =COUNTIF($BM$13:$BM$72,"3") -> 0 | Z5: =X5/$AD$3 -> #DIV/0! | AB5: =COUNTIFS($BM$13:$BM$72,"3",$D$13:$D$72,"M") -> 0 | AC5: =COUNTIFS($BM$13:$BM$72,"3",$D$13:$D$72,"F") -> 0 | AD5: =SUM(X3:Y6) -> 0 | AG5: =COUNTIF($BN$13:$BN$71,"3") -> 0 | AI5: =AG5/$AO$3 -> #DIV/0! | AK5: =COUNTIFS($BN$13:$BN$72,"3",$D$13:$D$72,"M") -> 0 | AM5: =COUNTIFS($BN$13:$BN$72,"3",$D$13:$D$72,"F") -> 0 | AO5: =SUM(AG3:AH6) -> 0 | AR5: =COUNTIF($AZ$13:$AZ$72,"3") -> 0 | AT5: =AR5/$AY$3 -> #DIV/0! | AV5: =COUNTIFS($AZ$13:$AZ$72,"3",$D$13:$D$72,"M") -> 0 | AW5: =COUNTIFS($AZ$13:$AZ$72,"3",$D$13:$D$72,"F") -> 0 | AY5: =SUM(AQ3:AR6) -> 0
A6: Lënda: | D6: Biologji | S6: mjaft | X6: =COUNTIF($BM$13:$BM$72,"2") -> 0 | Z6: =X6/$AD$3 -> #DIV/0! | AB6: =COUNTIFS($BM$13:$BM$72,"2",$D$13:$D$72,"M") -> 0 | AC6: =COUNTIFS($BM$13:$BM$72,"2",$D$13:$D$72,"F") -> 0 | AD6: Mbesin | AG6: =COUNTIF($BN$13:$BN$71,"2") -> 0 | AI6: =AG6/$AO$3 -> #DIV/0! | AK6: =COUNTIFS($BN$13:$BN$72,"2",$D$13:$D$72,"M") -> 0 | AM6: =COUNTIFS($BN$13:$BN$72,"2",$D$13:$D$72,"F") -> 0 | AO6: Mbesin | AR6: =COUNTIF($AZ$13:$AZ$72,"2") -> 0 | AT6: =AR6/$AY$3 -> #DIV/0! | AV6: =COUNTIFS($AZ$13:$AZ$72,"2",$D$13:$D$72,"M") -> 0 | AW6: =COUNTIFS($AZ$13:$AZ$72,"2",$D$13:$D$72,"F") -> 0 | AY6: Mbesin
S7: pamjaft | X7: =COUNTIF($BM$13:$BM$72,"1") -> 0 | Z7: =X7/$AD$3 -> #DIV/0! | AB7: =COUNTIFS($BM$13:$BM$72,"1",$D$13:$D$72,"M") -> 0 | AC7: =COUNTIFS($BM$13:$BM$72,"1",$D$13:$D$72,"F") -> 0 | AD7: =X7 -> 0 | AG7: =COUNTIF($BN$13:$BN$71,"1") -> 0 | AI7: =AG7/$AO$3 -> #DIV/0! | AK7: =COUNTIFS($BN$13:$BN$72,"1",$D$13:$D$72,"M") -> 0 | AM7: =COUNTIFS($BN$13:$BN$72,"1",$D$13:$D$72,"F") -> 0 | AO7: =AG7 -> 0 | AR7: =COUNTIF($AZ$13:$AZ$72,"1") -> 0 | AT7: =AR7/$AY$3 -> #DIV/0! | AV7: =COUNTIFS($AZ$13:$AZ$72,"1",$D$13:$D$72,"M") -> 0 | AW7: =COUNTIFS($AZ$13:$AZ$72,"1",$D$13:$D$72,"F") -> 0 | AY7: =AR7 -> 0
A8: Mësimdhënësi-ja | D8: Naser Guri | S8: Nota mesatare GJ1 | AD8: =AVERAGEIF(BL13:BL72,">=1") -> #DIV/0! | AG8: GJ2 | AO8: =AVERAGEIF(BO13:BO72,">=1") -> #DIV/0! | AR8: Nota përfundimtare | AY8: =AVERAGEIF(BK13:BK72,">=1") -> #DIV/0!
A9: Instrumentet e vlerësimit | D9: Gjinia | E9: Gjysmëvjetori | F9: Angazhim në klasë | K9: Nota | L9: Detyra shtëpie | Q9: Nota | R9: Projekte & prezentime | W9: Nota | X9: Test | Z9: Nota | AA9: Nota 1 | AB9: Përfundim i vlerësimit 1 në anën e majtë dhe fillimi i vlerësimit përmbledhës 2 në anën e djathtë të tabelarit | AC9: Angazhim në klasë | AH9: Nota | AI9: Detyra shtëpie | AN9: Nota | AO9: Projekte & prezentime | AT9: Nota | AU9: Test | AW9: Nota | AX9: Nota 2 | AY9: Nota 1&2 | AZ9: Suksesi Përfundimtar
A11: Nr | B11: EMRAT DHE MBIEMRAT E NXËNËSVE
F12: 0.25 | L12: 0.15 | R12: 0.3 | X12: 0.3 | AA12: =F12+L12+R12+X12 -> 1 | AC12: 0.25 | AI12: 0.15 | AO12: 0.3 | AU12: 0.3 | AX12: =AC12+AI12+AO12+AU12 -> 1
A13: 1 | E13: 1 | K13: =AVERAGE(F13:J13) -> #DIV/0! | Q13: =AVERAGE(L13:P13) -> #DIV/0! | W13: =AVERAGE(R13:V13) -> #DIV/0! | Z13: =IF(X13>=85,"5",IF(X13>=65,"4",IF(X13>=55,"3",IF(X13>=40,"2",IF(X13>=1,"1",IF(X13>="","0")))))) -> 0 | AA13: =IF(BE13>=4.5, " 5 ", IF(BE13>=3.5," 4 ",IF(BE13>=2.5," 3 ",IF(BE13>=1.5," 2 ",IF(BE13>=1,"1 ",IF(BE13>=0,"0")))))) -> #DIV/0! | AH13: =AVERAGE(AC13:AG13) -> #DIV/0! | AN13: =AVERAGE(AI13:AM13) -> #DIV/0! | AT13: =AVERAGE(AO13:AS13) -> #DIV/0! | AW13: =IF(AU13>=85,"5",IF(AU13>=65,"4",IF(AU13>=55,"3",IF(AU13>=40,"2",IF(AU13>=1,"1",IF(AU13>="","0")))))) -> 0 | AX13: =IF(BJ13>=4.5, " 5 ", IF(BJ13>=3.5," 4 ",IF(BJ13>=2.5," 3 ",IF(BJ13>=1.5," 2 ",IF(BJ13>=1,"1 ",IF(BJ13>=0,"0")))))) -> #DIV/0! | AY13: =IF(BK13>=4.5, " 5 ", IF(BK13>=3.5," 4 ",IF(BK13>=2.5," 3 ",IF(BK13>=1.5," 2 ",IF(BK13>=1,"1 ",IF(BK13>=0,"0")))))) -> #DIV/0! | AZ13: =IF(BP13>=4.5, " 5 ", IF(BP13>=3.5," 4 ",IF(BP13>=2.5," 3 ",IF(BP13>=1.5," 2 ",IF(BP13>=1,"1 ",IF(BP13>=0,"0")))))) -> #DIV/0! | BA13: =$K13*$F$12 -> #DIV/0! | BB13: =Q13*L12 -> #DIV/0! | BC13: =$W13*$R$12 -> #DIV/0! | BD13: =$Z13*$X$12 -> 0 | BE13: =BA13+BB13+BC13+BD13 -> #DIV/0! | BF13: =$AH13*$AC$12 -> #DIV/0! | BG13: =$AN13*$AI$12 -> #DIV/0! | BH13: =$AT13*$AO$12 -> #DIV/0! | BI13: =$AW13*$AU$12 -> 0 | BJ13: =(BF13+BG13+BH13+BI13) -> #DIV/0! | BK13: =(BE13+BJ13)/2 -> #DIV/0! | BL13: =(BE13+BJ13)/2 -> #DIV/0! | BM13: =ROUND(BL13,) -> #DIV/0! | BN13: =ROUND(BO14,) -> #DIV/0! | BP13: =(AY13+AY14)/2 -> #DIV/0!
E14: 2 | K14: =AVERAGE(F14:J14) -> #DIV/0! | Q14: =AVERAGE(L14:P14) -> #DIV/0! | W14: =AVERAGE(R14:V14) -> #DIV/0! | Z14: =IF(X14>=85,"5",IF(X14>=65,"4",IF(X14>=55,"3",IF(X14>=40,"2",IF(X14>=1,"1",IF(X14>="","0")))))) -> 0 | AA14: =IF(BE14>=4.5, " 5 ", IF(BE14>=3.5," 4 ",IF(BE14>=2.5," 3 ",IF(BE14>=1.5," 2 ",IF(BE14>=1,"1 ",IF(BE14>=0,"0")))))) -> #DIV/0! | AH14: =AVERAGE(AC14:AG14) -> #DIV/0! | AN14: =AVERAGE(AI14:AM14) -> #DIV/0! | AT14: =AVERAGE(AO14:AS14) -> #DIV/0! | AW14: =IF(AU14>=85,"5",IF(AU14>=65,"4",IF(AU14>=55,"3",IF(AU14>=40,"2",IF(AU14>=1,"1",IF(AU14>="","0")))))) -> 0 | AX14: =IF(BJ14>=4.5, " 5 ", IF(BJ14>=3.5," 4 ",IF(BJ14>=2.5," 3 ",IF(BJ14>=1.5," 2 ",IF(BJ14>=1,"1 ",IF(BJ14>=0,"0")))))) -> #DIV/0! | AY14: =IF(BK14>=4.5, " 5 ", IF(BK14>=3.5," 4 ",IF(BK14>=2.5," 3 ",IF(BK14>=1.5," 2 ",IF(BK14>=1,"1 ",IF(BK14>=0,"0")))))) -> #DIV/0! | BA14: =$K14*$F$12 -> #DIV/0! | BB14: =$Q14*$L$12 -> #DIV/0! | BC14: =$W14*$R$12 -> #DIV/0! | BD14: =$Z14*$X$12 -> 0 | BE14: =BA14+BB14+BC14+BD14 -> #DIV/0! | BF14: =$AH14*$AC$12 -> #DIV/0! | BG14: =$AN14*$AI$12 -> #DIV/0! | BH14: =$AT14*$AO$12 -> #DIV/0! | BI14: =$AW14*$AU$12 -> 0 | BJ14: =(BF14+BG14+BH14+BI14) -> #DIV/0! | BK14: =(BE14+BJ14)/2 -> #DIV/0! | BO14: =(BE14+BJ14)/2 -> #DIV/0!
A15: 2 | E15: 1 | K15: =AVERAGE(F15:J15) -> #DIV/0! | Q15: =AVERAGE(L15:P15) -> #DIV/0! | W15: =AVERAGE(R15:V15) -> #DIV/0! | Z15: =IF(X15>=85,"5",IF(X15>=65,"4",IF(X15>=55,"3",IF(X15>=40,"2",IF(X15>=1,"1",IF(X15>="","0")))))) -> 0 | AA15: =IF(BE15>=4.5, " 5 ", IF(BE15>=3.5," 4 ",IF(BE15>=2.5," 3 ",IF(BE15>=1.5," 2 ",IF(BE15>=1,"1 ",IF(BE15>=0,"0")))))) -> #DIV/0! | AH15: =AVERAGE(AC15:AG15) -> #DIV/0! | AN15: =AVERAGE(AI15:AM15) -> #DIV/0! | AT15: =AVERAGE(AO15:AS15) -> #DIV/0! | AW15: =IF(AU15>=85,"5",IF(AU15>=65,"4",IF(AU15>=55,"3",IF(AU15>=40,"2",IF(AU15>=1,"1",IF(AU15>="","0")))))) -> 0 | AX15: =IF(BJ15>=4.5, " 5 ", IF(BJ15>=3.5," 4 ",IF(BJ15>=2.5," 3 ",IF(BJ15>=1.5," 2 ",IF(BJ15>=1,"1 ",IF(BJ15>=0,"0")))))) -> #DIV/0! | AY15: =IF(BK15>=4.5, " 5 ", IF(BK15>=3.5," 4 ",IF(BK15>=2.5," 3 ",IF(BK15>=1.5," 2 ",IF(BK15>=1,"1 ",IF(BK15>=0,"0")))))) -> #DIV/0! | AZ15: =IF(BP15>=4.5, " 5 ", IF(BP15>=3.5," 4 ",IF(BP15>=2.5," 3 ",IF(BP15>=1.5," 2 ",IF(BP15>=1,"1 ",IF(BP15>=0,"0")))))) -> #DIV/0! | BA15: =$K15*$F$12 -> #DIV/0! | BB15: =$Q15*$L$12 -> #DIV/0! | BC15: =$W15*$R$12 -> #DIV/0! | BD15: =$Z15*$X$12 -> 0 | BE15: =BA15+BB15+BC15+BD15 -> #DIV/0! | BF15: =$AH15*$AC$12 -> #DIV/0! | BG15: =$AN15*$AI$12 -> #DIV/0! | BH15: =$AT15*$AO$12 -> #DIV/0! | BI15: =$AW15*$AU$12 -> 0 | BJ15: =(BF15+BG15+BH15+BI15) -> #DIV/0! | BK15: =(BE15+BJ15)/2 -> #DIV/0! | BL15: =(BE15+BJ15)/2 -> #DIV/0! | BM15: =ROUND(BL15,) -> #DIV/0! | BN15: =ROUND(BO16,) -> #DIV/0! | BP15: =(AY15+AY16)/2 -> #DIV/0!
E16: 2 | K16: =AVERAGE(F16:J16) -> #DIV/0! | Q16: =AVERAGE(L16:P16) -> #DIV/0! | W16: =AVERAGE(R16:V16) -> #DIV/0! | Z16: =IF(X16>=85,"5",IF(X16>=65,"4",IF(X16>=55,"3",IF(X16>=40,"2",IF(X16>=1,"1",IF(X16>="","0")))))) -> 0 | AA16: =IF(BE16>=4.5, " 5 ", IF(BE16>=3.5," 4 ",IF(BE16>=2.5," 3 ",IF(BE16>=1.5," 2 ",IF(BE16>=1,"1 ",IF(BE16>=0,"0")))))) -> #DIV/0! | AH16: =AVERAGE(AC16:AG16) -> #DIV/0! | AN16: =AVERAGE(AI16:AM16) -> #DIV/0! | AT16: =AVERAGE(AO16:AS16) -> #DIV/0! | AW16: =IF(AU16>=85,"5",IF(AU16>=65,"4",IF(AU16>=55,"3",IF(AU16>=40,"2",IF(AU16>=1,"1",IF(AU16>="","0")))))) -> 0 | AX16: =IF(BJ16>=4.5, " 5 ", IF(BJ16>=3.5," 4 ",IF(BJ16>=2.5," 3 ",IF(BJ16>=1.5," 2 ",IF(BJ16>=1,"1 ",IF(BJ16>=0,"0")))))) -> #DIV/0! | AY16: =IF(BK16>=4.5, " 5 ", IF(BK16>=3.5," 4 ",IF(BK16>=2.5," 3 ",IF(BK16>=1.5," 2 ",IF(BK16>=1,"1 ",IF(BK16>=0,"0")))))) -> #DIV/0! | BA16: =$K16*$F$12 -> #DIV/0! | BB16: =$Q16*$L$12 -> #DIV/0! | BC16: =$W16*$R$12 -> #DIV/0! | BD16: =$Z16*$X$12 -> 0 | BE16: =BA16+BB16+BC16+BD16 -> #DIV/0! | BF16: =$AH16*$AC$12 -> #DIV/0! | BG16: =$AN16*$AI$12 -> #DIV/0! | BH16: =$AT16*$AO$12 -> #DIV/0! | BI16: =$AW16*$AU$12 -> 0 | BJ16: =(BF16+BG16+BH16+BI16) -> #DIV/0! | BK16: =(BE16+BJ16)/2 -> #DIV/0! | BO16: =(BE16+BJ16)/2 -> #DIV/0!
A17: 3 | E17: 1 | K17: =AVERAGE(F17:J17) -> #DIV/0! | Q17: =AVERAGE(L17:P17) -> #DIV/0! | W17: =AVERAGE(R17:V17) -> #DIV/0! | Z17: =IF(X17>=85,"5",IF(X17>=65,"4",IF(X17>=55,"3",IF(X17>=40,"2",IF(X17>=1,"1",IF(X17>="","0")))))) -> 0 | AA17: =IF(BE17>=4.5, " 5 ", IF(BE17>=3.5," 4 ",IF(BE17>=2.5," 3 ",IF(BE17>=1.5," 2 ",IF(BE17>=1,"1 ",IF(BE17>=0,"0")))))) -> #DIV/0! | AH17: =AVERAGE(AC17:AG17) -> #DIV/0! | AN17: =AVERAGE(AI17:AM17) -> #DIV/0! | AT17: =AVERAGE(AO17:AS17) -> #DIV/0! | AW17: =IF(AU17>=85,"5",IF(AU17>=65,"4",IF(AU17>=55,"3",IF(AU17>=40,"2",IF(AU17>=1,"1",IF(AU17>="","0")))))) -> 0 | AX17: =IF(BJ17>=4.5, " 5 ", IF(BJ17>=3.5," 4 ",IF(BJ17>=2.5," 3 ",IF(BJ17>=1.5," 2 ",IF(BJ17>=1,"1 ",IF(BJ17>=0,"0")))))) -> #DIV/0! | AY17: =IF(BK17>=4.5, " 5 ", IF(BK17>=3.5," 4 ",IF(BK17>=2.5," 3 ",IF(BK17>=1.5," 2 ",IF(BK17>=1,"1 ",IF(BK17>=0,"0")))))) -> #DIV/0! | AZ17: =IF(BP17>=4.5, " 5 ", IF(BP17>=3.5," 4 ",IF(BP17>=2.5," 3 ",IF(BP17>=1.5," 2 ",IF(BP17>=1,"1 ",IF(BP17>=0,"0")))))) -> #DIV/0! | BA17: =$K17*$F$12 -> #DIV/0! | BB17: =$Q17*$L$12 -> #DIV/0! | BC17: =$W17*$R$12 -> #DIV/0! | BD17: =$Z17*$X$12 -> 0 | BE17: =BA17+BB17+BC17+BD17 -> #DIV/0! | BF17: =$AH17*$AC$12 -> #DIV/0! | BG17: =$AN17*$AI$12 -> #DIV/0! | BH17: =$AT17*$AO$12 -> #DIV/0! | BI17: =$AW17*$AU$12 -> 0 | BJ17: =(BF17+BG17+BH17+BI17) -> #DIV/0! | BK17: =(BE17+BJ17)/2 -> #DIV/0! | BL17: =(BE17+BJ17)/2 -> #DIV/0! | BM17: =ROUND(BL17,) -> #DIV/0! | BN17: =ROUND(BO18,) -> #DIV/0! | BP17: =(AY17+AY18)/2 -> #DIV/0!
E18: 2 | K18: =AVERAGE(F18:J18) -> #DIV/0! | Q18: =AVERAGE(L18:P18) -> #DIV/0! | W18: =AVERAGE(R18:V18) -> #DIV/0! | Z18: =IF(X18>=85,"5",IF(X18>=65,"4",IF(X18>=55,"3",IF(X18>=40,"2",IF(X18>=1,"1",IF(X18>="","0")))))) -> 0 | AA18: =IF(BE18>=4.5, " 5 ", IF(BE18>=3.5," 4 ",IF(BE18>=2.5," 3 ",IF(BE18>=1.5," 2 ",IF(BE18>=1,"1 ",IF(BE18>=0,"0")))))) -> #DIV/0! | AH18: =AVERAGE(AC18:AG18) -> #DIV/0! | AN18: =AVERAGE(AI18:AM18) -> #DIV/0! | AT18: =AVERAGE(AO18:AS18) -> #DIV/0! | AW18: =IF(AU18>=85,"5",IF(AU18>=65,"4",IF(AU18>=55,"3",IF(AU18>=40,"2",IF(AU18>=1,"1",IF(AU18>="","0")))))) -> 0 | AX18: =IF(BJ18>=4.5, " 5 ", IF(BJ18>=3.5," 4 ",IF(BJ18>=2.5," 3 ",IF(BJ18>=1.5," 2 ",IF(BJ18>=1,"1 ",IF(BJ18>=0,"0")))))) -> #DIV/0! | AY18: =IF(BK18>=4.5, " 5 ", IF(BK18>=3.5," 4 ",IF(BK18>=2.5," 3 ",IF(BK18>=1.5," 2 ",IF(BK18>=1,"1 ",IF(BK18>=0,"0")))))) -> #DIV/0! | BA18: =$K18*$F$12 -> #DIV/0! | BB18: =$Q18*$L$12 -> #DIV/0! | BC18: =$W18*$R$12 -> #DIV/0! | BD18: =$Z18*$X$12 -> 0 | BE18: =BA18+BB18+BC18+BD18 -> #DIV/0! | BF18: =$AH18*$AC$12 -> #DIV/0! | BG18: =$AN18*$AI$12 -> #DIV/0! | BH18: =$AT18*$AO$12 -> #DIV/0! | BI18: =$AW18*$AU$12 -> 0 | BJ18: =(BF18+BG18+BH18+BI18) -> #DIV/0! | BK18: =(BE18+BJ18)/2 -> #DIV/0! | BO18: =(BE18+BJ18)/2 -> #DIV/0!
A19: 4 | E19: 1 | K19: =AVERAGE(F19:J19) -> #DIV/0! | Q19: =AVERAGE(L19:P19) -> #DIV/0! | W19: =AVERAGE(R19:V19) -> #DIV/0! | Z19: =IF(X19>=85,"5",IF(X19>=65,"4",IF(X19>=55,"3",IF(X19>=40,"2",IF(X19>=1,"1",IF(X19>="","0")))))) -> 0 | AA19: =IF(BE19>=4.5, " 5 ", IF(BE19>=3.5," 4 ",IF(BE19>=2.5," 3 ",IF(BE19>=1.5," 2 ",IF(BE19>=1,"1 ",IF(BE19>=0,"0")))))) -> #DIV/0! | AH19: =AVERAGE(AC19:AG19) -> #DIV/0! | AN19: =AVERAGE(AI19:AM19) -> #DIV/0! | AT19: =AVERAGE(AO19:AS19) -> #DIV/0! | AW19: =IF(AU19>=85,"5",IF(AU19>=65,"4",IF(AU19>=55,"3",IF(AU19>=40,"2",IF(AU19>=1,"1",IF(AU19>="","0")))))) -> 0 | AX19: =IF(BJ19>=4.5, " 5 ", IF(BJ19>=3.5," 4 ",IF(BJ19>=2.5," 3 ",IF(BJ19>=1.5," 2 ",IF(BJ19>=1,"1 ",IF(BJ19>=0,"0")))))) -> #DIV/0! | AY19: =IF(BK19>=4.5, " 5 ", IF(BK19>=3.5," 4 ",IF(BK19>=2.5," 3 ",IF(BK19>=1.5," 2 ",IF(BK19>=1,"1 ",IF(BK19>=0,"0")))))) -> #DIV/0! | AZ19: =IF(BP19>=4.5, " 5 ", IF(BP19>=3.5," 4 ",IF(BP19>=2.5," 3 ",IF(BP19>=1.5," 2 ",IF(BP19>=1,"1 ",IF(BP19>=0,"0")))))) -> #DIV/0! | BA19: =$K19*$F$12 -> #DIV/0! | BB19: =$Q19*$L$12 -> #DIV/0! | BC19: =$W19*$R$12 -> #DIV/0! | BD19: =$Z19*$X$12 -> 0 | BE19: =BA19+BB19+BC19+BD19 -> #DIV/0! | BF19: =$AH19*$AC$12 -> #DIV/0! | BG19: =$AN19*$AI$12 -> #DIV/0! | BH19: =$AT19*$AO$12 -> #DIV/0! | BI19: =$AW19*$AU$12 -> 0 | BJ19: =(BF19+BG19+BH19+BI19) -> #DIV/0! | BK19: =(BE19+BJ19)/2 -> #DIV/0! | BL19: =(BE19+BJ19)/2 -> #DIV/0! | BM19: =ROUND(BL19,) -> #DIV/0! | BN19: =ROUND(BO20,) -> #DIV/0! | BP19: =(AY19+AY20)/2 -> #DIV/0!
E20: 2 | K20: =AVERAGE(F20:J20) -> #DIV/0! | Q20: =AVERAGE(L20:P20) -> #DIV/0! | W20: =AVERAGE(R20:V20) -> #DIV/0! | Z20: =IF(X20>=85,"5",IF(X20>=65,"4",IF(X20>=55,"3",IF(X20>=40,"2",IF(X20>=1,"1",IF(X20>="","0")))))) -> 0 | AA20: =IF(BE20>=4.5, " 5 ", IF(BE20>=3.5," 4 ",IF(BE20>=2.5," 3 ",IF(BE20>=1.5," 2 ",IF(BE20>=1,"1 ",IF(BE20>=0,"0")))))) -> #DIV/0! | AH20: =AVERAGE(AC20:AG20) -> #DIV/0! | AN20: =AVERAGE(AI20:AM20) -> #DIV/0! | AT20: =AVERAGE(AO20:AS20) -> #DIV/0! | AW20: =IF(AU20>=85,"5",IF(AU20>=65,"4",IF(AU20>=55,"3",IF(AU20>=40,"2",IF(AU20>=1,"1",IF(AU20>="","0")))))) -> 0 | AX20: =IF(BJ20>=4.5, " 5 ", IF(BJ20>=3.5," 4 ",IF(BJ20>=2.5," 3 ",IF(BJ20>=1.5," 2 ",IF(BJ20>=1,"1 ",IF(BJ20>=0,"0")))))) -> #DIV/0! | AY20: =IF(BK20>=4.5, " 5 ", IF(BK20>=3.5," 4 ",IF(BK20>=2.5," 3 ",IF(BK20>=1.5," 2 ",IF(BK20>=1,"1 ",IF(BK20>=0,"0")))))) -> #DIV/0! | BA20: =$K20*$F$12 -> #DIV/0! | BB20: =$Q20*$L$12 -> #DIV/0! | BC20: =$W20*$R$12 -> #DIV/0! | BD20: =$Z20*$X$12 -> 0 | BE20: =BA20+BB20+BC20+BD20 -> #DIV/0! | BF20: =$AH20*$AC$12 -> #DIV/0! | BG20: =$AN20*$AI$12 -> #DIV/0! | BH20: =$AT20*$AO$12 -> #DIV/0! | BI20: =$AW20*$AU$12 -> 0 | BJ20: =(BF20+BG20+BH20+BI20) -> #DIV/0! | BK20: =(BE20+BJ20)/2 -> #DIV/0! | BO20: =(BE20+BJ20)/2 -> #DIV/0!
A21: 5 | E21: 1 | K21: =AVERAGE(F21:J21) -> #DIV/0! | Q21: =AVERAGE(L21:P21) -> #DIV/0! | W21: =AVERAGE(R21:V21) -> #DIV/0! | Z21: =IF(X21>=85,"5",IF(X21>=65,"4",IF(X21>=55,"3",IF(X21>=40,"2",IF(X21>=1,"1",IF(X21>="","0")))))) -> 0 | AA21: =IF(BE21>=4.5, " 5 ", IF(BE21>=3.5," 4 ",IF(BE21>=2.5," 3 ",IF(BE21>=1.5," 2 ",IF(BE21>=1,"1 ",IF(BE21>=0,"0")))))) -> #DIV/0! | AH21: =AVERAGE(AC21:AG21) -> #DIV/0! | AN21: =AVERAGE(AI21:AM21) -> #DIV/0! | AT21: =AVERAGE(AO21:AS21) -> #DIV/0! | AW21: =IF(AU21>=85,"5",IF(AU21>=65,"4",IF(AU21>=55,"3",IF(AU21>=40,"2",IF(AU21>=1,"1",IF(AU21>="","0")))))) -> 0 | AX21: =IF(BJ21>=4.5, " 5 ", IF(BJ21>=3.5," 4 ",IF(BJ21>=2.5," 3 ",IF(BJ21>=1.5," 2 ",IF(BJ21>=1,"1 ",IF(BJ21>=0,"0")))))) -> #DIV/0! | AY21: =IF(BK21>=4.5, " 5 ", IF(BK21>=3.5," 4 ",IF(BK21>=2.5," 3 ",IF(BK21>=1.5," 2 ",IF(BK21>=1,"1 ",IF(BK21>=0,"0")))))) -> #DIV/0! | AZ21: =IF(BP21>=4.5, " 5 ", IF(BP21>=3.5," 4 ",IF(BP21>=2.5," 3 ",IF(BP21>=1.5," 2 ",IF(BP21>=1,"1 ",IF(BP21>=0,"0")))))) -> #DIV/0! | BA21: =$K21*$F$12 -> #DIV/0! | BB21: =$Q21*$L$12 -> #DIV/0! | BC21: =$W21*$R$12 -> #DIV/0! | BD21: =$Z21*$X$12 -> 0 | BE21: =BA21+BB21+BC21+BD21 -> #DIV/0! | BF21: =$AH21*$AC$12 -> #DIV/0! | BG21: =$AN21*$AI$12 -> #DIV/0! | BH21: =$AT21*$AO$12 -> #DIV/0! | BI21: =$AW21*$AU$12 -> 0 | BJ21: =(BF21+BG21+BH21+BI21) -> #DIV/0! | BK21: =(BE21+BJ21)/2 -> #DIV/0! | BL21: =(BE21+BJ21)/2 -> #DIV/0! | BM21: =ROUND(BL21,) -> #DIV/0! | BN21: =ROUND(BO22,) -> #DIV/0! | BP21: =(AY21+AY22)/2 -> #DIV/0!
E22: 2 | K22: =AVERAGE(F22:J22) -> #DIV/0! | Q22: =AVERAGE(L22:P22) -> #DIV/0! | W22: =AVERAGE(R22:V22) -> #DIV/0! | Z22: =IF(X22>=85,"5",IF(X22>=65,"4",IF(X22>=55,"3",IF(X22>=40,"2",IF(X22>=1,"1",IF(X22>="","0")))))) -> 0 | AA22: =IF(BE22>=4.5, " 5 ", IF(BE22>=3.5," 4 ",IF(BE22>=2.5," 3 ",IF(BE22>=1.5," 2 ",IF(BE22>=1,"1 ",IF(BE22>=0,"0")))))) -> #DIV/0! | AH22: =AVERAGE(AC22:AG22) -> #DIV/0! | AN22: =AVERAGE(AI22:AM22) -> #DIV/0! | AT22: =AVERAGE(AO22:AS22) -> #DIV/0! | AW22: =IF(AU22>=85,"5",IF(AU22>=65,"4",IF(AU22>=55,"3",IF(AU22>=40,"2",IF(AU22>=1,"1",IF(AU22>="","0")))))) -> 0 | AX22: =IF(BJ22>=4.5, " 5 ", IF(BJ22>=3.5," 4 ",IF(BJ22>=2.5," 3 ",IF(BJ22>=1.5," 2 ",IF(BJ22>=1,"1 ",IF(BJ22>=0,"0")))))) -> #DIV/0! | AY22: =IF(BK22>=4.5, " 5 ", IF(BK22>=3.5," 4 ",IF(BK22>=2.5," 3 ",IF(BK22>=1.5," 2 ",IF(BK22>=1,"1 ",IF(BK22>=0,"0")))))) -> #DIV/0! | BA22: =$K22*$F$12 -> #DIV/0! | BB22: =$Q22*$L$12 -> #DIV/0! | BC22: =$W22*$R$12 -> #DIV/0! | BD22: =$Z22*$X$12 -> 0 | BE22: =BA22+BB22+BC22+BD22 -> #DIV/0! | BF22: =$AH22*$AC$12 -> #DIV/0! | BG22: =$AN22*$AI$12 -> #DIV/0! | BH22: =$AT22*$AO$12 -> #DIV/0! | BI22: =$AW22*$AU$12 -> 0 | BJ22: =(BF22+BG22+BH22+BI22) -> #DIV/0! | BK22: =(BE22+BJ22)/2 -> #DIV/0! | BO22: =(BE22+BJ22)/2 -> #DIV/0!
A23: 6 | E23: 1 | K23: =AVERAGE(F23:J23) -> #DIV/0! | Q23: =AVERAGE(L23:P23) -> #DIV/0! | W23: =AVERAGE(R23:V23) -> #DIV/0! | Z23: =IF(X23>=85,"5",IF(X23>=65,"4",IF(X23>=55,"3",IF(X23>=40,"2",IF(X23>=1,"1",IF(X23>="","0")))))) -> 0 | AA23: =IF(BE23>=4.5, " 5 ", IF(BE23>=3.5," 4 ",IF(BE23>=2.5," 3 ",IF(BE23>=1.5," 2 ",IF(BE23>=1,"1 ",IF(BE23>=0,"0")))))) -> #DIV/0! | AH23: =AVERAGE(AC23:AG23) -> #DIV/0! | AN23: =AVERAGE(AI23:AM23) -> #DIV/0! | AT23: =AVERAGE(AO23:AS23) -> #DIV/0! | AW23: =IF(AU23>=85,"5",IF(AU23>=65,"4",IF(AU23>=55,"3",IF(AU23>=40,"2",IF(AU23>=1,"1",IF(AU23>="","0")))))) -> 0 | AX23: =IF(BJ23>=4.5, " 5 ", IF(BJ23>=3.5," 4 ",IF(BJ23>=2.5," 3 ",IF(BJ23>=1.5," 2 ",IF(BJ23>=1,"1 ",IF(BJ23>=0,"0")))))) -> #DIV/0! | AY23: =IF(BK23>=4.5, " 5 ", IF(BK23>=3.5," 4 ",IF(BK23>=2.5," 3 ",IF(BK23>=1.5," 2 ",IF(BK23>=1,"1 ",IF(BK23>=0,"0")))))) -> #DIV/0! | AZ23: =IF(BP23>=4.5, " 5 ", IF(BP23>=3.5," 4 ",IF(BP23>=2.5," 3 ",IF(BP23>=1.5," 2 ",IF(BP23>=1,"1 ",IF(BP23>=0,"0")))))) -> #DIV/0! | BA23: =$K23*$F$12 -> #DIV/0! | BB23: =$Q23*$L$12 -> #DIV/0! | BC23: =$W23*$R$12 -> #DIV/0! | BD23: =$Z23*$X$12 -> 0 | BE23: =BA23+BB23+BC23+BD23 -> #DIV/0! | BF23: =$AH23*$AC$12 -> #DIV/0! | BG23: =$AN23*$AI$12 -> #DIV/0! | BH23: =$AT23*$AO$12 -> #DIV/0! | BI23: =$AW23*$AU$12 -> 0 | BJ23: =(BF23+BG23+BH23+BI23) -> #DIV/0! | BK23: =(BE23+BJ23)/2 -> #DIV/0! | BL23: =(BE23+BJ23)/2 -> #DIV/0! | BM23: =ROUND(BL23,) -> #DIV/0! | BN23: =ROUND(BO24,) -> #DIV/0! | BP23: =(AY23+AY24)/2 -> #DIV/0!
E24: 2 | K24: =AVERAGE(F24:J24) -> #DIV/0! | Q24: =AVERAGE(L24:P24) -> #DIV/0! | W24: =AVERAGE(R24:V24) -> #DIV/0! | Z24: =IF(X24>=85,"5",IF(X24>=65,"4",IF(X24>=55,"3",IF(X24>=40,"2",IF(X24>=1,"1",IF(X24>="","0")))))) -> 0 | AA24: =IF(BE24>=4.5, " 5 ", IF(BE24>=3.5," 4 ",IF(BE24>=2.5," 3 ",IF(BE24>=1.5," 2 ",IF(BE24>=1,"1 ",IF(BE24>=0,"0")))))) -> #DIV/0! | AH24: =AVERAGE(AC24:AG24) -> #DIV/0! | AN24: =AVERAGE(AI24:AM24) -> #DIV/0! | AT24: =AVERAGE(AO24:AS24) -> #DIV/0! | AW24: =IF(AU24>=85,"5",IF(AU24>=65,"4",IF(AU24>=55,"3",IF(AU24>=40,"2",IF(AU24>=1,"1",IF(AU24>="","0")))))) -> 0 | AX24: =IF(BJ24>=4.5, " 5 ", IF(BJ24>=3.5," 4 ",IF(BJ24>=2.5," 3 ",IF(BJ24>=1.5," 2 ",IF(BJ24>=1,"1 ",IF(BJ24>=0,"0")))))) -> #DIV/0! | AY24: =IF(BK24>=4.5, " 5 ", IF(BK24>=3.5," 4 ",IF(BK24>=2.5," 3 ",IF(BK24>=1.5," 2 ",IF(BK24>=1,"1 ",IF(BK24>=0,"0")))))) -> #DIV/0! | BA24: =$K24*$F$12 -> #DIV/0! | BB24: =$Q24*$L$12 -> #DIV/0! | BC24: =$W24*$R$12 -> #DIV/0! | BD24: =$Z24*$X$12 -> 0 | BE24: =BA24+BB24+BC24+BD24 -> #DIV/0! | BF24: =$AH24*$AC$12 -> #DIV/0! | BG24: =$AN24*$AI$12 -> #DIV/0! | BH24: =$AT24*$AO$12 -> #DIV/0! | BI24: =$AW24*$AU$12 -> 0 | BJ24: =(BF24+BG24+BH24+BI24) -> #DIV/0! | BK24: =(BE24+BJ24)/2 -> #DIV/0! | BO24: =(BE24+BJ24)/2 -> #DIV/0!
A25: 7 | E25: 1 | K25: =AVERAGE(F25:J25) -> #DIV/0! | Q25: =AVERAGE(L25:P25) -> #DIV/0! | W25: =AVERAGE(R25:V25) -> #DIV/0! | Z25: =IF(X25>=85,"5",IF(X25>=65,"4",IF(X25>=55,"3",IF(X25>=40,"2",IF(X25>=1,"1",IF(X25>="","0")))))) -> 0 | AA25: =IF(BE25>=4.5, " 5 ", IF(BE25>=3.5," 4 ",IF(BE25>=2.5," 3 ",IF(BE25>=1.5," 2 ",IF(BE25>=1,"1 ",IF(BE25>=0,"0")))))) -> #DIV/0! | AH25: =AVERAGE(AC25:AG25) -> #DIV/0! | AN25: =AVERAGE(AI25:AM25) -> #DIV/0! | AT25: =AVERAGE(AO25:AS25) -> #DIV/0! | AW25: =IF(AU25>=85,"5",IF(AU25>=65,"4",IF(AU25>=55,"3",IF(AU25>=40,"2",IF(AU25>=1,"1",IF(AU25>="","0")))))) -> 0 | AX25: =IF(BJ25>=4.5, " 5 ", IF(BJ25>=3.5," 4 ",IF(BJ25>=2.5," 3 ",IF(BJ25>=1.5," 2 ",IF(BJ25>=1,"1 ",IF(BJ25>=0,"0")))))) -> #DIV/0! | AY25: =IF(BK25>=4.5, " 5 ", IF(BK25>=3.5," 4 ",IF(BK25>=2.5," 3 ",IF(BK25>=1.5," 2 ",IF(BK25>=1,"1 ",IF(BK25>=0,"0")))))) -> #DIV/0! | AZ25: =IF(BP25>=4.5, " 5 ", IF(BP25>=3.5," 4 ",IF(BP25>=2.5," 3 ",IF(BP25>=1.5," 2 ",IF(BP25>=1,"1 ",IF(BP25>=0,"0")))))) -> #DIV/0! | BA25: =$K25*$F$12 -> #DIV/0! | BB25: =$Q25*$L$12 -> #DIV/0! | BC25: =$W25*$R$12 -> #DIV/0! | BD25: =$Z25*$X$12 -> 0 | BE25: =BA25+BB25+BC25+BD25 -> #DIV/0! | BF25: =$AH25*$AC$12 -> #DIV/0! | BG25: =$AN25*$AI$12 -> #DIV/0! | BH25: =$AT25*$AO$12 -> #DIV/0! | BI25: =$AW25*$AU$12 -> 0 | BJ25: =(BF25+BG25+BH25+BI25) -> #DIV/0! | BK25: =(BE25+BJ25)/2 -> #DIV/0! | BL25: =(BE25+BJ25)/2 -> #DIV/0! | BM25: =ROUND(BL25,) -> #DIV/0! | BN25: =ROUND(BO26,) -> #DIV/0! | BP25: =(AY25+AY26)/2 -> #DIV/0!
E26: 2 | K26: =AVERAGE(F26:J26) -> #DIV/0! | Q26: =AVERAGE(L26:P26) -> #DIV/0! | W26: =AVERAGE(R26:V26) -> #DIV/0! | Z26: =IF(X26>=85,"5",IF(X26>=65,"4",IF(X26>=55,"3",IF(X26>=40,"2",IF(X26>=1,"1",IF(X26>="","0")))))) -> 0 | AA26: =IF(BE26>=4.5, " 5 ", IF(BE26>=3.5," 4 ",IF(BE26>=2.5," 3 ",IF(BE26>=1.5," 2 ",IF(BE26>=1,"1 ",IF(BE26>=0,"0")))))) -> #DIV/0! | AH26: =AVERAGE(AC26:AG26) -> #DIV/0! | AN26: =AVERAGE(AI26:AM26) -> #DIV/0! | AT26: =AVERAGE(AO26:AS26) -> #DIV/0! | AW26: =IF(AU26>=85,"5",IF(AU26>=65,"4",IF(AU26>=55,"3",IF(AU26>=40,"2",IF(AU26>=1,"1",IF(AU26>="","0")))))) -> 0 | AX26: =IF(BJ26>=4.5, " 5 ", IF(BJ26>=3.5," 4 ",IF(BJ26>=2.5," 3 ",IF(BJ26>=1.5," 2 ",IF(BJ26>=1,"1 ",IF(BJ26>=0,"0")))))) -> #DIV/0! | AY26: =IF(BK26>=4.5, " 5 ", IF(BK26>=3.5," 4 ",IF(BK26>=2.5," 3 ",IF(BK26>=1.5," 2 ",IF(BK26>=1,"1 ",IF(BK26>=0,"0")))))) -> #DIV/0! | BA26: =$K26*$F$12 -> #DIV/0! | BB26: =$Q26*$L$12 -> #DIV/0! | BC26: =$W26*$R$12 -> #DIV/0! | BD26: =$Z26*$X$12 -> 0 | BE26: =BA26+BB26+BC26+BD26 -> #DIV/0! | BF26: =$AH26*$AC$12 -> #DIV/0! | BG26: =$AN26*$AI$12 -> #DIV/0! | BH26: =$AT26*$AO$12 -> #DIV/0! | BI26: =$AW26*$AU$12 -> 0 | BJ26: =(BF26+BG26+BH26+BI26) -> #DIV/0! | BK26: =(BE26+BJ26)/2 -> #DIV/0! | BO26: =(BE26+BJ26)/2 -> #DIV/0!
A27: 8 | E27: 1 | K27: =AVERAGE(F27:J27) -> #DIV/0! | Q27: =AVERAGE(L27:P27) -> #DIV/0! | W27: =AVERAGE(R27:V27) -> #DIV/0! | Z27: =IF(X27>=85,"5",IF(X27>=65,"4",IF(X27>=55,"3",IF(X27>=40,"2",IF(X27>=1,"1",IF(X27>="","0")))))) -> 0 | AA27: =IF(BE27>=4.5, " 5 ", IF(BE27>=3.5," 4 ",IF(BE27>=2.5," 3 ",IF(BE27>=1.5," 2 ",IF(BE27>=1,"1 ",IF(BE27>=0,"0")))))) -> #DIV/0! | AH27: =AVERAGE(AC27:AG27) -> #DIV/0! | AN27: =AVERAGE(AI27:AM27) -> #DIV/0! | AT27: =AVERAGE(AO27:AS27) -> #DIV/0! | AW27: =IF(AU27>=85,"5",IF(AU27>=65,"4",IF(AU27>=55,"3",IF(AU27>=40,"2",IF(AU27>=1,"1",IF(AU27>="","0")))))) -> 0 | AX27: =IF(BJ27>=4.5, " 5 ", IF(BJ27>=3.5," 4 ",IF(BJ27>=2.5," 3 ",IF(BJ27>=1.5," 2 ",IF(BJ27>=1,"1 ",IF(BJ27>=0,"0")))))) -> #DIV/0! | AY27: =IF(BK27>=4.5, " 5 ", IF(BK27>=3.5," 4 ",IF(BK27>=2.5," 3 ",IF(BK27>=1.5," 2 ",IF(BK27>=1,"1 ",IF(BK27>=0,"0")))))) -> #DIV/0! | AZ27: =IF(BP27>=4.5, " 5 ", IF(BP27>=3.5," 4 ",IF(BP27>=2.5," 3 ",IF(BP27>=1.5," 2 ",IF(BP27>=1,"1 ",IF(BP27>=0,"0")))))) -> #DIV/0! | BA27: =$K27*$F$12 -> #DIV/0! | BB27: =$Q27*$L$12 -> #DIV/0! | BC27: =$W27*$R$12 -> #DIV/0! | BD27: =$Z27*$X$12 -> 0 | BE27: =BA27+BB27+BC27+BD27 -> #DIV/0! | BF27: =$AH27*$AC$12 -> #DIV/0! | BG27: =$AN27*$AI$12 -> #DIV/0! | BH27: =$AT27*$AO$12 -> #DIV/0! | BI27: =$AW27*$AU$12 -> 0 | BJ27: =(BF27+BG27+BH27+BI27) -> #DIV/0! | BK27: =(BE27+BJ27)/2 -> #DIV/0! | BL27: =(BE27+BJ27)/2 -> #DIV/0! | BM27: =ROUND(BL27,) -> #DIV/0! | BN27: =ROUND(BO28,) -> #DIV/0! | BP27: =(AY27+AY28)/2 -> #DIV/0!
E28: 2 | K28: =AVERAGE(F28:J28) -> #DIV/0! | Q28: =AVERAGE(L28:P28) -> #DIV/0! | W28: =AVERAGE(R28:V28) -> #DIV/0! | Z28: =IF(X28>=85,"5",IF(X28>=65,"4",IF(X28>=55,"3",IF(X28>=40,"2",IF(X28>=1,"1",IF(X28>="","0")))))) -> 0 | AA28: =IF(BE28>=4.5, " 5 ", IF(BE28>=3.5," 4 ",IF(BE28>=2.5," 3 ",IF(BE28>=1.5," 2 ",IF(BE28>=1,"1 ",IF(BE28>=0,"0")))))) -> #DIV/0! | AH28: =AVERAGE(AC28:AG28) -> #DIV/0! | AN28: =AVERAGE(AI28:AM28) -> #DIV/0! | AT28: =AVERAGE(AO28:AS28) -> #DIV/0! | AW28: =IF(AU28>=85,"5",IF(AU28>=65,"4",IF(AU28>=55,"3",IF(AU28>=40,"2",IF(AU28>=1,"1",IF(AU28>="","0")))))) -> 0 | AX28: =IF(BJ28>=4.5, " 5 ", IF(BJ28>=3.5," 4 ",IF(BJ28>=2.5," 3 ",IF(BJ28>=1.5," 2 ",IF(BJ28>=1,"1 ",IF(BJ28>=0,"0")))))) -> #DIV/0! | AY28: =IF(BK28>=4.5, " 5 ", IF(BK28>=3.5," 4 ",IF(BK28>=2.5," 3 ",IF(BK28>=1.5," 2 ",IF(BK28>=1,"1 ",IF(BK28>=0,"0")))))) -> #DIV/0! | BA28: =$K28*$F$12 -> #DIV/0! | BB28: =$Q28*$L$12 -> #DIV/0! | BC28: =$W28*$R$12 -> #DIV/0! | BD28: =$Z28*$X$12 -> 0 | BE28: =BA28+BB28+BC28+BD28 -> #DIV/0! | BF28: =$AH28*$AC$12 -> #DIV/0! | BG28: =$AN28*$AI$12 -> #DIV/0! | BH28: =$AT28*$AO$12 -> #DIV/0! | BI28: =$AW28*$AU$12 -> 0 | BJ28: =(BF28+BG28+BH28+BI28) -> #DIV/0! | BK28: =(BE28+BJ28)/2 -> #DIV/0! | BO28: =(BE28+BJ28)/2 -> #DIV/0!
A29: 9 | E29: 1 | K29: =AVERAGE(F29:J29) -> #DIV/0! | Q29: =AVERAGE(L29:P29) -> #DIV/0! | W29: =AVERAGE(R29:V29) -> #DIV/0! | Z29: =IF(X29>=85,"5",IF(X29>=65,"4",IF(X29>=55,"3",IF(X29>=40,"2",IF(X29>=1,"1",IF(X29>="","0")))))) -> 0 | AA29: =IF(BE29>=4.5, " 5 ", IF(BE29>=3.5," 4 ",IF(BE29>=2.5," 3 ",IF(BE29>=1.5," 2 ",IF(BE29>=1,"1 ",IF(BE29>=0,"0")))))) -> #DIV/0! | AH29: =AVERAGE(AC29:AG29) -> #DIV/0! | AN29: =AVERAGE(AI29:AM29) -> #DIV/0! | AT29: =AVERAGE(AO29:AS29) -> #DIV/0! | AW29: =IF(AU29>=85,"5",IF(AU29>=65,"4",IF(AU29>=55,"3",IF(AU29>=40,"2",IF(AU29>=1,"1",IF(AU29>="","0")))))) -> 0 | AX29: =IF(BJ29>=4.5, " 5 ", IF(BJ29>=3.5," 4 ",IF(BJ29>=2.5," 3 ",IF(BJ29>=1.5," 2 ",IF(BJ29>=1,"1 ",IF(BJ29>=0,"0")))))) -> #DIV/0! | AY29: =IF(BK29>=4.5, " 5 ", IF(BK29>=3.5," 4 ",IF(BK29>=2.5," 3 ",IF(BK29>=1.5," 2 ",IF(BK29>=1,"1 ",IF(BK29>=0,"0")))))) -> #DIV/0! | AZ29: =IF(BP29>=4.5, " 5 ", IF(BP29>=3.5," 4 ",IF(BP29>=2.5," 3 ",IF(BP29>=1.5," 2 ",IF(BP29>=1,"1 ",IF(BP29>=0,"0")))))) -> #DIV/0! | BA29: =$K29*$F$12 -> #DIV/0! | BB29: =$Q29*$L$12 -> #DIV/0! | BC29: =$W29*$R$12 -> #DIV/0! | BD29: =$Z29*$X$12 -> 0 | BE29: =BA29+BB29+BC29+BD29 -> #DIV/0! | BF29: =$AH29*$AC$12 -> #DIV/0! | BG29: =$AN29*$AI$12 -> #DIV/0! | BH29: =$AT29*$AO$12 -> #DIV/0! | BI29: =$AW29*$AU$12 -> 0 | BJ29: =(BF29+BG29+BH29+BI29) -> #DIV/0! | BK29: =(BE29+BJ29)/2 -> #DIV/0! | BL29: =(BE29+BJ29)/2 -> #DIV/0! | BM29: =ROUND(BL29,) -> #DIV/0! | BN29: =ROUND(BO30,) -> #DIV/0! | BP29: =(AY29+AY30)/2 -> #DIV/0!
E30: 2 | K30: =AVERAGE(F30:J30) -> #DIV/0! | Q30: =AVERAGE(L30:P30) -> #DIV/0! | W30: =AVERAGE(R30:V30) -> #DIV/0! | Z30: =IF(X30>=85,"5",IF(X30>=65,"4",IF(X30>=55,"3",IF(X30>=40,"2",IF(X30>=1,"1",IF(X30>="","0")))))) -> 0 | AA30: =IF(BE30>=4.5, " 5 ", IF(BE30>=3.5," 4 ",IF(BE30>=2.5," 3 ",IF(BE30>=1.5," 2 ",IF(BE30>=1,"1 ",IF(BE30>=0,"0")))))) -> #DIV/0! | AH30: =AVERAGE(AC30:AG30) -> #DIV/0! | AN30: =AVERAGE(AI30:AM30) -> #DIV/0! | AT30: =AVERAGE(AO30:AS30) -> #DIV/0! | AW30: =IF(AU30>=85,"5",IF(AU30>=65,"4",IF(AU30>=55,"3",IF(AU30>=40,"2",IF(AU30>=1,"1",IF(AU30>="","0")))))) -> 0 | AX30: =IF(BJ30>=4.5, " 5 ", IF(BJ30>=3.5," 4 ",IF(BJ30>=2.5," 3 ",IF(BJ30>=1.5," 2 ",IF(BJ30>=1,"1 ",IF(BJ30>=0,"0")))))) -> #DIV/0! | AY30: =IF(BK30>=4.5, " 5 ", IF(BK30>=3.5," 4 ",IF(BK30>=2.5," 3 ",IF(BK30>=1.5," 2 ",IF(BK30>=1,"1 ",IF(BK30>=0,"0")))))) -> #DIV/0! | BA30: =$K30*$F$12 -> #DIV/0! | BB30: =$Q30*$L$12 -> #DIV/0! | BC30: =$W30*$R$12 -> #DIV/0! | BD30: =$Z30*$X$12 -> 0 | BE30: =BA30+BB30+BC30+BD30 -> #DIV/0! | BF30: =$AH30*$AC$12 -> #DIV/0! | BG30: =$AN30*$AI$12 -> #DIV/0! | BH30: =$AT30*$AO$12 -> #DIV/0! | BI30: =$AW30*$AU$12 -> 0 | BJ30: =(BF30+BG30+BH30+BI30) -> #DIV/0! | BK30: =(BE30+BJ30)/2 -> #DIV/0! | BO30: =(BE30+BJ30)/2 -> #DIV/0!
A31: 10 | E31: 1 | K31: =AVERAGE(F31:J31) -> #DIV/0! | Q31: =AVERAGE(L31:P31) -> #DIV/0! | W31: =AVERAGE(R31:V31) -> #DIV/0! | Z31: =IF(X31>=85,"5",IF(X31>=65,"4",IF(X31>=55,"3",IF(X31>=40,"2",IF(X31>=1,"1",IF(X31>="","0")))))) -> 0 | AA31: =IF(BE31>=4.5, " 5 ", IF(BE31>=3.5," 4 ",IF(BE31>=2.5," 3 ",IF(BE31>=1.5," 2 ",IF(BE31>=1,"1 ",IF(BE31>=0,"0")))))) -> #DIV/0! | AH31: =AVERAGE(AC31:AG31) -> #DIV/0! | AN31: =AVERAGE(AI31:AM31) -> #DIV/0! | AT31: =AVERAGE(AO31:AS31) -> #DIV/0! | AW31: =IF(AU31>=85,"5",IF(AU31>=65,"4",IF(AU31>=55,"3",IF(AU31>=40,"2",IF(AU31>=1,"1",IF(AU31>="","0")))))) -> 0 | AX31: =IF(BJ31>=4.5, " 5 ", IF(BJ31>=3.5," 4 ",IF(BJ31>=2.5," 3 ",IF(BJ31>=1.5," 2 ",IF(BJ31>=1,"1 ",IF(BJ31>=0,"0")))))) -> #DIV/0! | AY31: =IF(BK31>=4.5, " 5 ", IF(BK31>=3.5," 4 ",IF(BK31>=2.5," 3 ",IF(BK31>=1.5," 2 ",IF(BK31>=1,"1 ",IF(BK31>=0,"0")))))) -> #DIV/0! | AZ31: =IF(BP31>=4.5, " 5 ", IF(BP31>=3.5," 4 ",IF(BP31>=2.5," 3 ",IF(BP31>=1.5," 2 ",IF(BP31>=1,"1 ",IF(BP31>=0,"0")))))) -> #DIV/0! | BA31: =$K31*$F$12 -> #DIV/0! | BB31: =$Q31*$L$12 -> #DIV/0! | BC31: =$W31*$R$12 -> #DIV/0! | BD31: =$Z31*$X$12 -> 0 | BE31: =BA31+BB31+BC31+BD31 -> #DIV/0! | BF31: =$AH31*$AC$12 -> #DIV/0! | BG31: =$AN31*$AI$12 -> #DIV/0! | BH31: =$AT31*$AO$12 -> #DIV/0! | BI31: =$AW31*$AU$12 -> 0 | BJ31: =(BF31+BG31+BH31+BI31) -> #DIV/0! | BK31: =(BE31+BJ31)/2 -> #DIV/0! | BL31: =(BE31+BJ31)/2 -> #DIV/0! | BM31: =ROUND(BL31,) -> #DIV/0! | BN31: =ROUND(BO32,) -> #DIV/0! | BP31: =(AY31+AY32)/2 -> #DIV/0!
E32: 2 | K32: =AVERAGE(F32:J32) -> #DIV/0! | Q32: =AVERAGE(L32:P32) -> #DIV/0! | W32: =AVERAGE(R32:V32) -> #DIV/0! | Z32: =IF(X32>=85,"5",IF(X32>=65,"4",IF(X32>=55,"3",IF(X32>=40,"2",IF(X32>=1,"1",IF(X32>="","0")))))) -> 0 | AA32: =IF(BE32>=4.5, " 5 ", IF(BE32>=3.5," 4 ",IF(BE32>=2.5," 3 ",IF(BE32>=1.5," 2 ",IF(BE32>=1,"1 ",IF(BE32>=0,"0")))))) -> #DIV/0! | AH32: =AVERAGE(AC32:AG32) -> #DIV/0! | AN32: =AVERAGE(AI32:AM32) -> #DIV/0! | AT32: =AVERAGE(AO32:AS32) -> #DIV/0! | AW32: =IF(AU32>=85,"5",IF(AU32>=65,"4",IF(AU32>=55,"3",IF(AU32>=40,"2",IF(AU32>=1,"1",IF(AU32>="","0")))))) -> 0 | AX32: =IF(BJ32>=4.5, " 5 ", IF(BJ32>=3.5," 4 ",IF(BJ32>=2.5," 3 ",IF(BJ32>=1.5," 2 ",IF(BJ32>=1,"1 ",IF(BJ32>=0,"0")))))) -> #DIV/0! | AY32: =IF(BK32>=4.5, " 5 ", IF(BK32>=3.5," 4 ",IF(BK32>=2.5," 3 ",IF(BK32>=1.5," 2 ",IF(BK32>=1,"1 ",IF(BK32>=0,"0")))))) -> #DIV/0! | BA32: =$K32*$F$12 -> #DIV/0! | BB32: =$Q32*$L$12 -> #DIV/0! | BC32: =$W32*$R$12 -> #DIV/0! | BD32: =$Z32*$X$12 -> 0 | BE32: =BA32+BB32+BC32+BD32 -> #DIV/0! | BF32: =$AH32*$AC$12 -> #DIV/0! | BG32: =$AN32*$AI$12 -> #DIV/0! | BH32: =$AT32*$AO$12 -> #DIV/0! | BI32: =$AW32*$AU$12 -> 0 | BJ32: =(BF32+BG32+BH32+BI32) -> #DIV/0! | BK32: =(BE32+BJ32)/2 -> #DIV/0! | BO32: =(BE32+BJ32)/2 -> #DIV/0!
A33: 11 | E33: 1 | K33: =AVERAGE(F33:J33) -> #DIV/0! | Q33: =AVERAGE(L33:P33) -> #DIV/0! | W33: =AVERAGE(R33:V33) -> #DIV/0! | Z33: =IF(X33>=85,"5",IF(X33>=65,"4",IF(X33>=55,"3",IF(X33>=40,"2",IF(X33>=1,"1",IF(X33>="","0")))))) -> 0 | AA33: =IF(BE33>=4.5, " 5 ", IF(BE33>=3.5," 4 ",IF(BE33>=2.5," 3 ",IF(BE33>=1.5," 2 ",IF(BE33>=1,"1 ",IF(BE33>=0,"0")))))) -> #DIV/0! | AH33: =AVERAGE(AC33:AG33) -> #DIV/0! | AN33: =AVERAGE(AI33:AM33) -> #DIV/0! | AT33: =AVERAGE(AO33:AS33) -> #DIV/0! | AW33: =IF(AU33>=85,"5",IF(AU33>=65,"4",IF(AU33>=55,"3",IF(AU33>=40,"2",IF(AU33>=1,"1",IF(AU33>="","0")))))) -> 0 | AX33: =IF(BJ33>=4.5, " 5 ", IF(BJ33>=3.5," 4 ",IF(BJ33>=2.5," 3 ",IF(BJ33>=1.5," 2 ",IF(BJ33>=1,"1 ",IF(BJ33>=0,"0")))))) -> #DIV/0! | AY33: =IF(BK33>=4.5, " 5 ", IF(BK33>=3.5," 4 ",IF(BK33>=2.5," 3 ",IF(BK33>=1.5," 2 ",IF(BK33>=1,"1 ",IF(BK33>=0,"0")))))) -> #DIV/0! | AZ33: =IF(BP33>=4.5, " 5 ", IF(BP33>=3.5," 4 ",IF(BP33>=2.5," 3 ",IF(BP33>=1.5," 2 ",IF(BP33>=1,"1 ",IF(BP33>=0,"0")))))) -> #DIV/0! | BA33: =$K33*$F$12 -> #DIV/0! | BB33: =$Q33*$L$12 -> #DIV/0! | BC33: =$W33*$R$12 -> #DIV/0! | BD33: =$Z33*$X$12 -> 0 | BE33: =BA33+BB33+BC33+BD33 -> #DIV/0! | BF33: =$AH33*$AC$12 -> #DIV/0! | BG33: =$AN33*$AI$12 -> #DIV/0! | BH33: =$AT33*$AO$12 -> #DIV/0! | BI33: =$AW33*$AU$12 -> 0 | BJ33: =(BF33+BG33+BH33+BI33) -> #DIV/0! | BK33: =(BE33+BJ33)/2 -> #DIV/0! | BL33: =(BE33+BJ33)/2 -> #DIV/0! | BM33: =ROUND(BL33,) -> #DIV/0! | BN33: =ROUND(BO34,) -> #DIV/0! | BP33: =(AY33+AY34)/2 -> #DIV/0!
E34: 2 | K34: =AVERAGE(F34:J34) -> #DIV/0! | Q34: =AVERAGE(L34:P34) -> #DIV/0! | W34: =AVERAGE(R34:V34) -> #DIV/0! | Z34: =IF(X34>=85,"5",IF(X34>=65,"4",IF(X34>=55,"3",IF(X34>=40,"2",IF(X34>=1,"1",IF(X34>="","0")))))) -> 0 | AA34: =IF(BE34>=4.5, " 5 ", IF(BE34>=3.5," 4 ",IF(BE34>=2.5," 3 ",IF(BE34>=1.5," 2 ",IF(BE34>=1,"1 ",IF(BE34>=0,"0")))))) -> #DIV/0! | AH34: =AVERAGE(AC34:AG34) -> #DIV/0! | AN34: =AVERAGE(AI34:AM34) -> #DIV/0! | AT34: =AVERAGE(AO34:AS34) -> #DIV/0! | AW34: =IF(AU34>=85,"5",IF(AU34>=65,"4",IF(AU34>=55,"3",IF(AU34>=40,"2",IF(AU34>=1,"1",IF(AU34>="","0")))))) -> 0 | AX34: =IF(BJ34>=4.5, " 5 ", IF(BJ34>=3.5," 4 ",IF(BJ34>=2.5," 3 ",IF(BJ34>=1.5," 2 ",IF(BJ34>=1,"1 ",IF(BJ34>=0,"0")))))) -> #DIV/0! | AY34: =IF(BK34>=4.5, " 5 ", IF(BK34>=3.5," 4 ",IF(BK34>=2.5," 3 ",IF(BK34>=1.5," 2 ",IF(BK34>=1,"1 ",IF(BK34>=0,"0")))))) -> #DIV/0! | BA34: =$K34*$F$12 -> #DIV/0! | BB34: =$Q34*$L$12 -> #DIV/0! | BC34: =$W34*$R$12 -> #DIV/0! | BD34: =$Z34*$X$12 -> 0 | BE34: =BA34+BB34+BC34+BD34 -> #DIV/0! | BF34: =$AH34*$AC$12 -> #DIV/0! | BG34: =$AN34*$AI$12 -> #DIV/0! | BH34: =$AT34*$AO$12 -> #DIV/0! | BI34: =$AW34*$AU$12 -> 0 | BJ34: =(BF34+BG34+BH34+BI34) -> #DIV/0! | BK34: =(BE34+BJ34)/2 -> #DIV/0! | BO34: =(BE34+BJ34)/2 -> #DIV/0!
A35: 12 | E35: 1 | K35: =AVERAGE(F35:J35) -> #DIV/0! | Q35: =AVERAGE(L35:P35) -> #DIV/0! | W35: =AVERAGE(R35:V35) -> #DIV/0! | Z35: =IF(X35>=85,"5",IF(X35>=65,"4",IF(X35>=55,"3",IF(X35>=40,"2",IF(X35>=1,"1",IF(X35>="","0")))))) -> 0 | AA35: =IF(BE35>=4.5, " 5 ", IF(BE35>=3.5," 4 ",IF(BE35>=2.5," 3 ",IF(BE35>=1.5," 2 ",IF(BE35>=1,"1 ",IF(BE35>=0,"0")))))) -> #DIV/0! | AH35: =AVERAGE(AC35:AG35) -> #DIV/0! | AN35: =AVERAGE(AI35:AM35) -> #DIV/0! | AT35: =AVERAGE(AO35:AS35) -> #DIV/0! | AW35: =IF(AU35>=85,"5",IF(AU35>=65,"4",IF(AU35>=55,"3",IF(AU35>=40,"2",IF(AU35>=1,"1",IF(AU35>="","0")))))) -> 0 | AX35: =IF(BJ35>=4.5, " 5 ", IF(BJ35>=3.5," 4 ",IF(BJ35>=2.5," 3 ",IF(BJ35>=1.5," 2 ",IF(BJ35>=1,"1 ",IF(BJ35>=0,"0")))))) -> #DIV/0! | AY35: =IF(BK35>=4.5, " 5 ", IF(BK35>=3.5," 4 ",IF(BK35>=2.5," 3 ",IF(BK35>=1.5," 2 ",IF(BK35>=1,"1 ",IF(BK35>=0,"0")))))) -> #DIV/0! | AZ35: =IF(BP35>=4.5, " 5 ", IF(BP35>=3.5," 4 ",IF(BP35>=2.5," 3 ",IF(BP35>=1.5," 2 ",IF(BP35>=1,"1 ",IF(BP35>=0,"0")))))) -> #DIV/0! | BA35: =$K35*$F$12 -> #DIV/0! | BB35: =$Q35*$L$12 -> #DIV/0! | BC35: =$W35*$R$12 -> #DIV/0! | BD35: =$Z35*$X$12 -> 0 | BE35: =BA35+BB35+BC35+BD35 -> #DIV/0! | BF35: =$AH35*$AC$12 -> #DIV/0! | BG35: =$AN35*$AI$12 -> #DIV/0! | BH35: =$AT35*$AO$12 -> #DIV/0! | BI35: =$AW35*$AU$12 -> 0 | BJ35: =(BF35+BG35+BH35+BI35) -> #DIV/0! | BK35: =(BE35+BJ35)/2 -> #DIV/0! | BL35: =(BE35+BJ35)/2 -> #DIV/0! | BM35: =ROUND(BL35,) -> #DIV/0! | BN35: =ROUND(BO36,) -> #DIV/0! | BP35: =(AY35+AY36)/2 -> #DIV/0!
E36: 2 | K36: =AVERAGE(F36:J36) -> #DIV/0! | Q36: =AVERAGE(L36:P36) -> #DIV/0! | W36: =AVERAGE(R36:V36) -> #DIV/0! | Z36: =IF(X36>=85,"5",IF(X36>=65,"4",IF(X36>=55,"3",IF(X36>=40,"2",IF(X36>=1,"1",IF(X36>="","0")))))) -> 0 | AA36: =IF(BE36>=4.5, " 5 ", IF(BE36>=3.5," 4 ",IF(BE36>=2.5," 3 ",IF(BE36>=1.5," 2 ",IF(BE36>=1,"1 ",IF(BE36>=0,"0")))))) -> #DIV/0! | AH36: =AVERAGE(AC36:AG36) -> #DIV/0! | AN36: =AVERAGE(AI36:AM36) -> #DIV/0! | AT36: =AVERAGE(AO36:AS36) -> #DIV/0! | AW36: =IF(AU36>=85,"5",IF(AU36>=65,"4",IF(AU36>=55,"3",IF(AU36>=40,"2",IF(AU36>=1,"1",IF(AU36>="","0")))))) -> 0 | AX36: =IF(BJ36>=4.5, " 5 ", IF(BJ36>=3.5," 4 ",IF(BJ36>=2.5," 3 ",IF(BJ36>=1.5," 2 ",IF(BJ36>=1,"1 ",IF(BJ36>=0,"0")))))) -> #DIV/0! | AY36: =IF(BK36>=4.5, " 5 ", IF(BK36>=3.5," 4 ",IF(BK36>=2.5," 3 ",IF(BK36>=1.5," 2 ",IF(BK36>=1,"1 ",IF(BK36>=0,"0")))))) -> #DIV/0! | BA36: =$K36*$F$12 -> #DIV/0! | BB36: =$Q36*$L$12 -> #DIV/0! | BC36: =$W36*$R$12 -> #DIV/0! | BD36: =$Z36*$X$12 -> 0 | BE36: =BA36+BB36+BC36+BD36 -> #DIV/0! | BF36: =$AH36*$AC$12 -> #DIV/0! | BG36: =$AN36*$AI$12 -> #DIV/0! | BH36: =$AT36*$AO$12 -> #DIV/0! | BI36: =$AW36*$AU$12 -> 0 | BJ36: =(BF36+BG36+BH36+BI36) -> #DIV/0! | BK36: =(BE36+BJ36)/2 -> #DIV/0! | BO36: =(BE36+BJ36)/2 -> #DIV/0!
A37: 13 | E37: 1 | K37: =AVERAGE(F37:J37) -> #DIV/0! | Q37: =AVERAGE(L37:P37) -> #DIV/0! | W37: =AVERAGE(R37:V37) -> #DIV/0! | Z37: =IF(X37>=85,"5",IF(X37>=65,"4",IF(X37>=55,"3",IF(X37>=40,"2",IF(X37>=1,"1",IF(X37>="","0")))))) -> 0 | AA37: =IF(BE37>=4.5, " 5 ", IF(BE37>=3.5," 4 ",IF(BE37>=2.5," 3 ",IF(BE37>=1.5," 2 ",IF(BE37>=1,"1 ",IF(BE37>=0,"0")))))) -> #DIV/0! | AH37: =AVERAGE(AC37:AG37) -> #DIV/0! | AN37: =AVERAGE(AI37:AM37) -> #DIV/0! | AT37: =AVERAGE(AO37:AS37) -> #DIV/0! | AW37: =IF(AU37>=85,"5",IF(AU37>=65,"4",IF(AU37>=55,"3",IF(AU37>=40,"2",IF(AU37>=1,"1",IF(AU37>="","0")))))) -> 0 | AX37: =IF(BJ37>=4.5, " 5 ", IF(BJ37>=3.5," 4 ",IF(BJ37>=2.5," 3 ",IF(BJ37>=1.5," 2 ",IF(BJ37>=1,"1 ",IF(BJ37>=0,"0")))))) -> #DIV/0! | AY37: =IF(BK37>=4.5, " 5 ", IF(BK37>=3.5," 4 ",IF(BK37>=2.5," 3 ",IF(BK37>=1.5," 2 ",IF(BK37>=1,"1 ",IF(BK37>=0,"0")))))) -> #DIV/0! | AZ37: =IF(BP37>=4.5, " 5 ", IF(BP37>=3.5," 4 ",IF(BP37>=2.5," 3 ",IF(BP37>=1.5," 2 ",IF(BP37>=1,"1 ",IF(BP37>=0,"0")))))) -> #DIV/0! | BA37: =$K37*$F$12 -> #DIV/0! | BB37: =$Q37*$L$12 -> #DIV/0! | BC37: =$W37*$R$12 -> #DIV/0! | BD37: =$Z37*$X$12 -> 0 | BE37: =BA37+BB37+BC37+BD37 -> #DIV/0! | BF37: =$AH37*$AC$12 -> #DIV/0! | BG37: =$AN37*$AI$12 -> #DIV/0! | BH37: =$AT37*$AO$12 -> #DIV/0! | BI37: =$AW37*$AU$12 -> 0 | BJ37: =(BF37+BG37+BH37+BI37) -> #DIV/0! | BK37: =(BE37+BJ37)/2 -> #DIV/0! | BL37: =(BE37+BJ37)/2 -> #DIV/0! | BM37: =ROUND(BL37,) -> #DIV/0! | BN37: =ROUND(BO38,) -> #DIV/0! | BP37: =(AY37+AY38)/2 -> #DIV/0!
E38: 2 | K38: =AVERAGE(F38:J38) -> #DIV/0! | Q38: =AVERAGE(L38:P38) -> #DIV/0! | W38: =AVERAGE(R38:V38) -> #DIV/0! | Z38: =IF(X38>=85,"5",IF(X38>=65,"4",IF(X38>=55,"3",IF(X38>=40,"2",IF(X38>=1,"1",IF(X38>="","0")))))) -> 0 | AA38: =IF(BE38>=4.5, " 5 ", IF(BE38>=3.5," 4 ",IF(BE38>=2.5," 3 ",IF(BE38>=1.5," 2 ",IF(BE38>=1,"1 ",IF(BE38>=0,"0")))))) -> #DIV/0! | AH38: =AVERAGE(AC38:AG38) -> #DIV/0! | AN38: =AVERAGE(AI38:AM38) -> #DIV/0! | AT38: =AVERAGE(AO38:AS38) -> #DIV/0! | AW38: =IF(AU38>=85,"5",IF(AU38>=65,"4",IF(AU38>=55,"3",IF(AU38>=40,"2",IF(AU38>=1,"1",IF(AU38>="","0")))))) -> 0 | AX38: =IF(BJ38>=4.5, " 5 ", IF(BJ38>=3.5," 4 ",IF(BJ38>=2.5," 3 ",IF(BJ38>=1.5," 2 ",IF(BJ38>=1,"1 ",IF(BJ38>=0,"0")))))) -> #DIV/0! | AY38: =IF(BK38>=4.5, " 5 ", IF(BK38>=3.5," 4 ",IF(BK38>=2.5," 3 ",IF(BK38>=1.5," 2 ",IF(BK38>=1,"1 ",IF(BK38>=0,"0")))))) -> #DIV/0! | BA38: =$K38*$F$12 -> #DIV/0! | BB38: =$Q38*$L$12 -> #DIV/0! | BC38: =$W38*$R$12 -> #DIV/0! | BD38: =$Z38*$X$12 -> 0 | BE38: =BA38+BB38+BC38+BD38 -> #DIV/0! | BF38: =$AH38*$AC$12 -> #DIV/0! | BG38: =$AN38*$AI$12 -> #DIV/0! | BH38: =$AT38*$AO$12 -> #DIV/0! | BI38: =$AW38*$AU$12 -> 0 | BJ38: =(BF38+BG38+BH38+BI38) -> #DIV/0! | BK38: =(BE38+BJ38)/2 -> #DIV/0! | BO38: =(BE38+BJ38)/2 -> #DIV/0!
A39: 14 | E39: 1 | K39: =AVERAGE(F39:J39) -> #DIV/0! | Q39: =AVERAGE(L39:P39) -> #DIV/0! | W39: =AVERAGE(R39:V39) -> #DIV/0! | Z39: =IF(X39>=85,"5",IF(X39>=65,"4",IF(X39>=55,"3",IF(X39>=40,"2",IF(X39>=1,"1",IF(X39>="","0")))))) -> 0 | AA39: =IF(BE39>=4.5, " 5 ", IF(BE39>=3.5," 4 ",IF(BE39>=2.5," 3 ",IF(BE39>=1.5," 2 ",IF(BE39>=1,"1 ",IF(BE39>=0,"0")))))) -> #DIV/0! | AH39: =AVERAGE(AC39:AG39) -> #DIV/0! | AN39: =AVERAGE(AI39:AM39) -> #DIV/0! | AT39: =AVERAGE(AO39:AS39) -> #DIV/0! | AW39: =IF(AU39>=85,"5",IF(AU39>=65,"4",IF(AU39>=55,"3",IF(AU39>=40,"2",IF(AU39>=1,"1",IF(AU39>="","0")))))) -> 0 | AX39: =IF(BJ39>=4.5, " 5 ", IF(BJ39>=3.5," 4 ",IF(BJ39>=2.5," 3 ",IF(BJ39>=1.5," 2 ",IF(BJ39>=1,"1 ",IF(BJ39>=0,"0")))))) -> #DIV/0! | AY39: =IF(BK39>=4.5, " 5 ", IF(BK39>=3.5," 4 ",IF(BK39>=2.5," 3 ",IF(BK39>=1.5," 2 ",IF(BK39>=1,"1 ",IF(BK39>=0,"0")))))) -> #DIV/0! | AZ39: =IF(BP39>=4.5, " 5 ", IF(BP39>=3.5," 4 ",IF(BP39>=2.5," 3 ",IF(BP39>=1.5," 2 ",IF(BP39>=1,"1 ",IF(BP39>=0,"0")))))) -> #DIV/0! | BA39: =$K39*$F$12 -> #DIV/0! | BB39: =$Q39*$L$12 -> #DIV/0! | BC39: =$W39*$R$12 -> #DIV/0! | BD39: =$Z39*$X$12 -> 0 | BE39: =BA39+BB39+BC39+BD39 -> #DIV/0! | BF39: =$AH39*$AC$12 -> #DIV/0! | BG39: =$AN39*$AI$12 -> #DIV/0! | BH39: =$AT39*$AO$12 -> #DIV/0! | BI39: =$AW39*$AU$12 -> 0 | BJ39: =(BF39+BG39+BH39+BI39) -> #DIV/0! | BK39: =(BE39+BJ39)/2 -> #DIV/0! | BL39: =(BE39+BJ39)/2 -> #DIV/0! | BM39: =ROUND(BL39,) -> #DIV/0! | BN39: =ROUND(BO40,) -> #DIV/0! | BP39: =(AY39+AY40)/2 -> #DIV/0!
E40: 2 | K40: =AVERAGE(F40:J40) -> #DIV/0! | Q40: =AVERAGE(L40:P40) -> #DIV/0! | W40: =AVERAGE(R40:V40) -> #DIV/0! | Z40: =IF(X40>=85,"5",IF(X40>=65,"4",IF(X40>=55,"3",IF(X40>=40,"2",IF(X40>=1,"1",IF(X40>="","0")))))) -> 0 | AA40: =IF(BE40>=4.5, " 5 ", IF(BE40>=3.5," 4 ",IF(BE40>=2.5," 3 ",IF(BE40>=1.5," 2 ",IF(BE40>=1,"1 ",IF(BE40>=0,"0")))))) -> #DIV/0! | AH40: =AVERAGE(AC40:AG40) -> #DIV/0! | AN40: =AVERAGE(AI40:AM40) -> #DIV/0! | AT40: =AVERAGE(AO40:AS40) -> #DIV/0! | AW40: =IF(AU40>=85,"5",IF(AU40>=65,"4",IF(AU40>=55,"3",IF(AU40>=40,"2",IF(AU40>=1,"1",IF(AU40>="","0")))))) -> 0 | AX40: =IF(BJ40>=4.5, " 5 ", IF(BJ40>=3.5," 4 ",IF(BJ40>=2.5," 3 ",IF(BJ40>=1.5," 2 ",IF(BJ40>=1,"1 ",IF(BJ40>=0,"0")))))) -> #DIV/0! | AY40: =IF(BK40>=4.5, " 5 ", IF(BK40>=3.5," 4 ",IF(BK40>=2.5," 3 ",IF(BK40>=1.5," 2 ",IF(BK40>=1,"1 ",IF(BK40>=0,"0")))))) -> #DIV/0! | BA40: =$K40*$F$12 -> #DIV/0! | BB40: =$Q40*$L$12 -> #DIV/0! | BC40: =$W40*$R$12 -> #DIV/0! | BD40: =$Z40*$X$12 -> 0 | BE40: =BA40+BB40+BC40+BD40 -> #DIV/0! | BF40: =$AH40*$AC$12 -> #DIV/0! | BG40: =$AN40*$AI$12 -> #DIV/0! | BH40: =$AT40*$AO$12 -> #DIV/0! | BI40: =$AW40*$AU$12 -> 0 | BJ40: =(BF40+BG40+BH40+BI40) -> #DIV/0! | BK40: =(BE40+BJ40)/2 -> #DIV/0! | BO40: =(BE40+BJ40)/2 -> #DIV/0!
A41: 15 | E41: 1 | K41: =AVERAGE(F41:J41) -> #DIV/0! | Q41: =AVERAGE(L41:P41) -> #DIV/0! | W41: =AVERAGE(R41:V41) -> #DIV/0! | Z41: =IF(X41>=85,"5",IF(X41>=65,"4",IF(X41>=55,"3",IF(X41>=40,"2",IF(X41>=1,"1",IF(X41>="","0")))))) -> 0 | AA41: =IF(BE41>=4.5, " 5 ", IF(BE41>=3.5," 4 ",IF(BE41>=2.5," 3 ",IF(BE41>=1.5," 2 ",IF(BE41>=1,"1 ",IF(BE41>=0,"0")))))) -> #DIV/0! | AH41: =AVERAGE(AC41:AG41) -> #DIV/0! | AN41: =AVERAGE(AI41:AM41) -> #DIV/0! | AT41: =AVERAGE(AO41:AS41) -> #DIV/0! | AW41: =IF(AU41>=85,"5",IF(AU41>=65,"4",IF(AU41>=55,"3",IF(AU41>=40,"2",IF(AU41>=1,"1",IF(AU41>="","0")))))) -> 0 | AX41: =IF(BJ41>=4.5, " 5 ", IF(BJ41>=3.5," 4 ",IF(BJ41>=2.5," 3 ",IF(BJ41>=1.5," 2 ",IF(BJ41>=1,"1 ",IF(BJ41>=0,"0")))))) -> #DIV/0! | AY41: =IF(BK41>=4.5, " 5 ", IF(BK41>=3.5," 4 ",IF(BK41>=2.5," 3 ",IF(BK41>=1.5," 2 ",IF(BK41>=1,"1 ",IF(BK41>=0,"0")))))) -> #DIV/0! | AZ41: =IF(BP41>=4.5, " 5 ", IF(BP41>=3.5," 4 ",IF(BP41>=2.5," 3 ",IF(BP41>=1.5," 2 ",IF(BP41>=1,"1 ",IF(BP41>=0,"0")))))) -> #DIV/0! | BA41: =$K41*$F$12 -> #DIV/0! | BB41: =$Q41*$L$12 -> #DIV/0! | BC41: =$W41*$R$12 -> #DIV/0! | BD41: =$Z41*$X$12 -> 0 | BE41: =BA41+BB41+BC41+BD41 -> #DIV/0! | BF41: =$AH41*$AC$12 -> #DIV/0! | BG41: =$AN41*$AI$12 -> #DIV/0! | BH41: =$AT41*$AO$12 -> #DIV/0! | BI41: =$AW41*$AU$12 -> 0 | BJ41: =(BF41+BG41+BH41+BI41) -> #DIV/0! | BK41: =(BE41+BJ41)/2 -> #DIV/0! | BL41: =(BE41+BJ41)/2 -> #DIV/0! | BM41: =ROUND(BL41,) -> #DIV/0! | BN41: =ROUND(BO42,) -> #DIV/0! | BP41: =(AY41+AY42)/2 -> #DIV/0!
E42: 2 | K42: =AVERAGE(F42:J42) -> #DIV/0! | Q42: =AVERAGE(L42:P42) -> #DIV/0! | W42: =AVERAGE(R42:V42) -> #DIV/0! | Z42: =IF(X42>=85,"5",IF(X42>=65,"4",IF(X42>=55,"3",IF(X42>=40,"2",IF(X42>=1,"1",IF(X42>="","0")))))) -> 0 | AA42: =IF(BE42>=4.5, " 5 ", IF(BE42>=3.5," 4 ",IF(BE42>=2.5," 3 ",IF(BE42>=1.5," 2 ",IF(BE42>=1,"1 ",IF(BE42>=0,"0")))))) -> #DIV/0! | AH42: =AVERAGE(AC42:AG42) -> #DIV/0! | AN42: =AVERAGE(AI42:AM42) -> #DIV/0! | AT42: =AVERAGE(AO42:AS42) -> #DIV/0! | AW42: =IF(AU42>=85,"5",IF(AU42>=65,"4",IF(AU42>=55,"3",IF(AU42>=40,"2",IF(AU42>=1,"1",IF(AU42>="","0")))))) -> 0 | AX42: =IF(BJ42>=4.5, " 5 ", IF(BJ42>=3.5," 4 ",IF(BJ42>=2.5," 3 ",IF(BJ42>=1.5," 2 ",IF(BJ42>=1,"1 ",IF(BJ42>=0,"0")))))) -> #DIV/0! | AY42: =IF(BK42>=4.5, " 5 ", IF(BK42>=3.5," 4 ",IF(BK42>=2.5," 3 ",IF(BK42>=1.5," 2 ",IF(BK42>=1,"1 ",IF(BK42>=0,"0")))))) -> #DIV/0! | BA42: =$K42*$F$12 -> #DIV/0! | BB42: =$Q42*$L$12 -> #DIV/0! | BC42: =$W42*$R$12 -> #DIV/0! | BD42: =$Z42*$X$12 -> 0 | BE42: =BA42+BB42+BC42+BD42 -> #DIV/0! | BF42: =$AH42*$AC$12 -> #DIV/0! | BG42: =$AN42*$AI$12 -> #DIV/0! | BH42: =$AT42*$AO$12 -> #DIV/0! | BI42: =$AW42*$AU$12 -> 0 | BJ42: =(BF42+BG42+BH42+BI42) -> #DIV/0! | BK42: =(BE42+BJ42)/2 -> #DIV/0! | BO42: =(BE42+BJ42)/2 -> #DIV/0!
A43: 16 | E43: 1 | K43: =AVERAGE(F43:J43) -> #DIV/0! | Q43: =AVERAGE(L43:P43) -> #DIV/0! | W43: =AVERAGE(R43:V43) -> #DIV/0! | Z43: =IF(X43>=85,"5",IF(X43>=65,"4",IF(X43>=55,"3",IF(X43>=40,"2",IF(X43>=1,"1",IF(X43>="","0")))))) -> 0 | AA43: =IF(BE43>=4.5, " 5 ", IF(BE43>=3.5," 4 ",IF(BE43>=2.5," 3 ",IF(BE43>=1.5," 2 ",IF(BE43>=1,"1 ",IF(BE43>=0,"0")))))) -> #DIV/0! | AH43: =AVERAGE(AC43:AG43) -> #DIV/0! | AN43: =AVERAGE(AI43:AM43) -> #DIV/0! | AT43: =AVERAGE(AO43:AS43) -> #DIV/0! | AW43: =IF(AU43>=85,"5",IF(AU43>=65,"4",IF(AU43>=55,"3",IF(AU43>=40,"2",IF(AU43>=1,"1",IF(AU43>="","0")))))) -> 0 | AX43: =IF(BJ43>=4.5, " 5 ", IF(BJ43>=3.5," 4 ",IF(BJ43>=2.5," 3 ",IF(BJ43>=1.5," 2 ",IF(BJ43>=1,"1 ",IF(BJ43>=0,"0")))))) -> #DIV/0! | AY43: =IF(BK43>=4.5, " 5 ", IF(BK43>=3.5," 4 ",IF(BK43>=2.5," 3 ",IF(BK43>=1.5," 2 ",IF(BK43>=1,"1 ",IF(BK43>=0,"0")))))) -> #DIV/0! | AZ43: =IF(BP43>=4.5, " 5 ", IF(BP43>=3.5," 4 ",IF(BP43>=2.5," 3 ",IF(BP43>=1.5," 2 ",IF(BP43>=1,"1 ",IF(BP43>=0,"0")))))) -> #DIV/0! | BA43: =$K43*$F$12 -> #DIV/0! | BB43: =$Q43*$L$12 -> #DIV/0! | BC43: =$W43*$R$12 -> #DIV/0! | BD43: =$Z43*$X$12 -> 0 | BE43: =BA43+BB43+BC43+BD43 -> #DIV/0! | BF43: =$AH43*$AC$12 -> #DIV/0! | BG43: =$AN43*$AI$12 -> #DIV/0! | BH43: =$AT43*$AO$12 -> #DIV/0! | BI43: =$AW43*$AU$12 -> 0 | BJ43: =(BF43+BG43+BH43+BI43) -> #DIV/0! | BK43: =(BE43+BJ43)/2 -> #DIV/0! | BL43: =(BE43+BJ43)/2 -> #DIV/0! | BM43: =ROUND(BL43,) -> #DIV/0! | BN43: =ROUND(BO44,) -> #DIV/0! | BP43: =(AY43+AY44)/2 -> #DIV/0!
E44: 2 | K44: =AVERAGE(F44:J44) -> #DIV/0! | Q44: =AVERAGE(L44:P44) -> #DIV/0! | W44: =AVERAGE(R44:V44) -> #DIV/0! | Z44: =IF(X44>=85,"5",IF(X44>=65,"4",IF(X44>=55,"3",IF(X44>=40,"2",IF(X44>=1,"1",IF(X44>="","0")))))) -> 0 | AA44: =IF(BE44>=4.5, " 5 ", IF(BE44>=3.5," 4 ",IF(BE44>=2.5," 3 ",IF(BE44>=1.5," 2 ",IF(BE44>=1,"1 ",IF(BE44>=0,"0")))))) -> #DIV/0! | AH44: =AVERAGE(AC44:AG44) -> #DIV/0! | AN44: =AVERAGE(AI44:AM44) -> #DIV/0! | AT44: =AVERAGE(AO44:AS44) -> #DIV/0! | AW44: =IF(AU44>=85,"5",IF(AU44>=65,"4",IF(AU44>=55,"3",IF(AU44>=40,"2",IF(AU44>=1,"1",IF(AU44>="","0")))))) -> 0 | AX44: =IF(BJ44>=4.5, " 5 ", IF(BJ44>=3.5," 4 ",IF(BJ44>=2.5," 3 ",IF(BJ44>=1.5," 2 ",IF(BJ44>=1,"1 ",IF(BJ44>=0,"0")))))) -> #DIV/0! | AY44: =IF(BK44>=4.5, " 5 ", IF(BK44>=3.5," 4 ",IF(BK44>=2.5," 3 ",IF(BK44>=1.5," 2 ",IF(BK44>=1,"1 ",IF(BK44>=0,"0")))))) -> #DIV/0! | BA44: =$K44*$F$12 -> #DIV/0! | BB44: =$Q44*$L$12 -> #DIV/0! | BC44: =$W44*$R$12 -> #DIV/0! | BD44: =$Z44*$X$12 -> 0 | BE44: =BA44+BB44+BC44+BD44 -> #DIV/0! | BF44: =$AH44*$AC$12 -> #DIV/0! | BG44: =$AN44*$AI$12 -> #DIV/0! | BH44: =$AT44*$AO$12 -> #DIV/0! | BI44: =$AW44*$AU$12 -> 0 | BJ44: =(BF44+BG44+BH44+BI44) -> #DIV/0! | BK44: =(BE44+BJ44)/2 -> #DIV/0! | BO44: =(BE44+BJ44)/2 -> #DIV/0!
A45: 17 | E45: 1 | K45: =AVERAGE(F45:J45) -> #DIV/0! | Q45: =AVERAGE(L45:P45) -> #DIV/0! | W45: =AVERAGE(R45:V45) -> #DIV/0! | Z45: =IF(X45>=85,"5",IF(X45>=65,"4",IF(X45>=55,"3",IF(X45>=40,"2",IF(X45>=1,"1",IF(X45>="","0")))))) -> 0 | AA45: =IF(BE45>=4.5, " 5 ", IF(BE45>=3.5," 4 ",IF(BE45>=2.5," 3 ",IF(BE45>=1.5," 2 ",IF(BE45>=1,"1 ",IF(BE45>=0,"0")))))) -> #DIV/0! | AH45: =AVERAGE(AC45:AG45) -> #DIV/0! | AN45: =AVERAGE(AI45:AM45) -> #DIV/0! | AT45: =AVERAGE(AO45:AS45) -> #DIV/0! | AW45: =IF(AU45>=85,"5",IF(AU45>=65,"4",IF(AU45>=55,"3",IF(AU45>=40,"2",IF(AU45>=1,"1",IF(AU45>="","0")))))) -> 0 | AX45: =IF(BJ45>=4.5, " 5 ", IF(BJ45>=3.5," 4 ",IF(BJ45>=2.5," 3 ",IF(BJ45>=1.5," 2 ",IF(BJ45>=1,"1 ",IF(BJ45>=0,"0")))))) -> #DIV/0! | AY45: =IF(BK45>=4.5, " 5 ", IF(BK45>=3.5," 4 ",IF(BK45>=2.5," 3 ",IF(BK45>=1.5," 2 ",IF(BK45>=1,"1 ",IF(BK45>=0,"0")))))) -> #DIV/0! | AZ45: =IF(BP45>=4.5, " 5 ", IF(BP45>=3.5," 4 ",IF(BP45>=2.5," 3 ",IF(BP45>=1.5," 2 ",IF(BP45>=1,"1 ",IF(BP45>=0,"0")))))) -> #DIV/0! | BA45: =$K45*$F$12 -> #DIV/0! | BB45: =$Q45*$L$12 -> #DIV/0! | BC45: =$W45*$R$12 -> #DIV/0! | BD45: =$Z45*$X$12 -> 0 | BE45: =BA45+BB45+BC45+BD45 -> #DIV/0! | BF45: =$AH45*$AC$12 -> #DIV/0! | BG45: =$AN45*$AI$12 -> #DIV/0! | BH45: =$AT45*$AO$12 -> #DIV/0! | BI45: =$AW45*$AU$12 -> 0 | BJ45: =(BF45+BG45+BH45+BI45) -> #DIV/0! | BK45: =(BE45+BJ45)/2 -> #DIV/0! | BL45: =(BE45+BJ45)/2 -> #DIV/0! | BM45: =ROUND(BL45,) -> #DIV/0! | BN45: =ROUND(BO46,) -> #DIV/0! | BP45: =(AY45+AY46)/2 -> #DIV/0!
E46: 2 | K46: =AVERAGE(F46:J46) -> #DIV/0! | Q46: =AVERAGE(L46:P46) -> #DIV/0! | W46: =AVERAGE(R46:V46) -> #DIV/0! | Z46: =IF(X46>=85,"5",IF(X46>=65,"4",IF(X46>=55,"3",IF(X46>=40,"2",IF(X46>=1,"1",IF(X46>="","0")))))) -> 0 | AA46: =IF(BE46>=4.5, " 5 ", IF(BE46>=3.5," 4 ",IF(BE46>=2.5," 3 ",IF(BE46>=1.5," 2 ",IF(BE46>=1,"1 ",IF(BE46>=0,"0")))))) -> #DIV/0! | AH46: =AVERAGE(AC46:AG46) -> #DIV/0! | AN46: =AVERAGE(AI46:AM46) -> #DIV/0! | AT46: =AVERAGE(AO46:AS46) -> #DIV/0! | AW46: =IF(AU46>=85,"5",IF(AU46>=65,"4",IF(AU46>=55,"3",IF(AU46>=40,"2",IF(AU46>=1,"1",IF(AU46>="","0")))))) -> 0 | AX46: =IF(BJ46>=4.5, " 5 ", IF(BJ46>=3.5," 4 ",IF(BJ46>=2.5," 3 ",IF(BJ46>=1.5," 2 ",IF(BJ46>=1,"1 ",IF(BJ46>=0,"0")))))) -> #DIV/0! | AY46: =IF(BK46>=4.5, " 5 ", IF(BK46>=3.5," 4 ",IF(BK46>=2.5," 3 ",IF(BK46>=1.5," 2 ",IF(BK46>=1,"1 ",IF(BK46>=0,"0")))))) -> #DIV/0! | BA46: =$K46*$F$12 -> #DIV/0! | BB46: =$Q46*$L$12 -> #DIV/0! | BC46: =$W46*$R$12 -> #DIV/0! | BD46: =$Z46*$X$12 -> 0 | BE46: =BA46+BB46+BC46+BD46 -> #DIV/0! | BF46: =$AH46*$AC$12 -> #DIV/0! | BG46: =$AN46*$AI$12 -> #DIV/0! | BH46: =$AT46*$AO$12 -> #DIV/0! | BI46: =$AW46*$AU$12 -> 0 | BJ46: =(BF46+BG46+BH46+BI46) -> #DIV/0! | BK46: =(BE46+BJ46)/2 -> #DIV/0! | BO46: =(BE46+BJ46)/2 -> #DIV/0!
A47: 18 | E47: 1 | K47: =AVERAGE(F47:J47) -> #DIV/0! | Q47: =AVERAGE(L47:P47) -> #DIV/0! | W47: =AVERAGE(R47:V47) -> #DIV/0! | Z47: =IF(X47>=85,"5",IF(X47>=65,"4",IF(X47>=55,"3",IF(X47>=40,"2",IF(X47>=1,"1",IF(X47>="","0")))))) -> 0 | AA47: =IF(BE47>=4.5, " 5 ", IF(BE47>=3.5," 4 ",IF(BE47>=2.5," 3 ",IF(BE47>=1.5," 2 ",IF(BE47>=1,"1 ",IF(BE47>=0,"0")))))) -> #DIV/0! | AH47: =AVERAGE(AC47:AG47) -> #DIV/0! | AN47: =AVERAGE(AI47:AM47) -> #DIV/0! | AT47: =AVERAGE(AO47:AS47) -> #DIV/0! | AW47: =IF(AU47>=85,"5",IF(AU47>=65,"4",IF(AU47>=55,"3",IF(AU47>=40,"2",IF(AU47>=1,"1",IF(AU47>="","0")))))) -> 0 | AX47: =IF(BJ47>=4.5, " 5 ", IF(BJ47>=3.5," 4 ",IF(BJ47>=2.5," 3 ",IF(BJ47>=1.5," 2 ",IF(BJ47>=1,"1 ",IF(BJ47>=0,"0")))))) -> #DIV/0! | AY47: =IF(BK47>=4.5, " 5 ", IF(BK47>=3.5," 4 ",IF(BK47>=2.5," 3 ",IF(BK47>=1.5," 2 ",IF(BK47>=1,"1 ",IF(BK47>=0,"0")))))) -> #DIV/0! | AZ47: =IF(BP47>=4.5, " 5 ", IF(BP47>=3.5," 4 ",IF(BP47>=2.5," 3 ",IF(BP47>=1.5," 2 ",IF(BP47>=1,"1 ",IF(BP47>=0,"0")))))) -> #DIV/0! | BA47: =$K47*$F$12 -> #DIV/0! | BB47: =$Q47*$L$12 -> #DIV/0! | BC47: =$W47*$R$12 -> #DIV/0! | BD47: =$Z47*$X$12 -> 0 | BE47: =BA47+BB47+BC47+BD47 -> #DIV/0! | BF47: =$AH47*$AC$12 -> #DIV/0! | BG47: =$AN47*$AI$12 -> #DIV/0! | BH47: =$AT47*$AO$12 -> #DIV/0! | BI47: =$AW47*$AU$12 -> 0 | BJ47: =(BF47+BG47+BH47+BI47) -> #DIV/0! | BK47: =(BE47+BJ47)/2 -> #DIV/0! | BL47: =(BE47+BJ47)/2 -> #DIV/0! | BM47: =ROUND(BL47,) -> #DIV/0! | BN47: =ROUND(BO48,) -> #DIV/0! | BP47: =(AY47+AY48)/2 -> #DIV/0!
E48: 2 | K48: =AVERAGE(F48:J48) -> #DIV/0! | Q48: =AVERAGE(L48:P48) -> #DIV/0! | W48: =AVERAGE(R48:V48) -> #DIV/0! | Z48: =IF(X48>=85,"5",IF(X48>=65,"4",IF(X48>=55,"3",IF(X48>=40,"2",IF(X48>=1,"1",IF(X48>="","0")))))) -> 0 | AA48: =IF(BE48>=4.5, " 5 ", IF(BE48>=3.5," 4 ",IF(BE48>=2.5," 3 ",IF(BE48>=1.5," 2 ",IF(BE48>=1,"1 ",IF(BE48>=0,"0")))))) -> #DIV/0! | AH48: =AVERAGE(AC48:AG48) -> #DIV/0! | AN48: =AVERAGE(AI48:AM48) -> #DIV/0! | AT48: =AVERAGE(AO48:AS48) -> #DIV/0! | AW48: =IF(AU48>=85,"5",IF(AU48>=65,"4",IF(AU48>=55,"3",IF(AU48>=40,"2",IF(AU48>=1,"1",IF(AU48>="","0")))))) -> 0 | AX48: =IF(BJ48>=4.5, " 5 ", IF(BJ48>=3.5," 4 ",IF(BJ48>=2.5," 3 ",IF(BJ48>=1.5," 2 ",IF(BJ48>=1,"1 ",IF(BJ48>=0,"0")))))) -> #DIV/0! | AY48: =IF(BK48>=4.5, " 5 ", IF(BK48>=3.5," 4 ",IF(BK48>=2.5," 3 ",IF(BK48>=1.5," 2 ",IF(BK48>=1,"1 ",IF(BK48>=0,"0")))))) -> #DIV/0! | BA48: =$K48*$F$12 -> #DIV/0! | BB48: =$Q48*$L$12 -> #DIV/0! | BC48: =$W48*$R$12 -> #DIV/0! | BD48: =$Z48*$X$12 -> 0 | BE48: =BA48+BB48+BC48+BD48 -> #DIV/0! | BF48: =$AH48*$AC$12 -> #DIV/0! | BG48: =$AN48*$AI$12 -> #DIV/0! | BH48: =$AT48*$AO$12 -> #DIV/0! | BI48: =$AW48*$AU$12 -> 0 | BJ48: =(BF48+BG48+BH48+BI48) -> #DIV/0! | BK48: =(BE48+BJ48)/2 -> #DIV/0! | BO48: =(BE48+BJ48)/2 -> #DIV/0!
A49: 19 | E49: 1 | K49: =AVERAGE(F49:J49) -> #DIV/0! | Q49: =AVERAGE(L49:P49) -> #DIV/0! | W49: =AVERAGE(R49:V49) -> #DIV/0! | Z49: =IF(X49>=85,"5",IF(X49>=65,"4",IF(X49>=55,"3",IF(X49>=40,"2",IF(X49>=1,"1",IF(X49>="","0")))))) -> 0 | AA49: =IF(BE49>=4.5, " 5 ", IF(BE49>=3.5," 4 ",IF(BE49>=2.5," 3 ",IF(BE49>=1.5," 2 ",IF(BE49>=1,"1 ",IF(BE49>=0,"0")))))) -> #DIV/0! | AH49: =AVERAGE(AC49:AG49) -> #DIV/0! | AN49: =AVERAGE(AI49:AM49) -> #DIV/0! | AT49: =AVERAGE(AO49:AS49) -> #DIV/0! | AW49: =IF(AU49>=85,"5",IF(AU49>=65,"4",IF(AU49>=55,"3",IF(AU49>=40,"2",IF(AU49>=1,"1",IF(AU49>="","0")))))) -> 0 | AX49: =IF(BJ49>=4.5, " 5 ", IF(BJ49>=3.5," 4 ",IF(BJ49>=2.5," 3 ",IF(BJ49>=1.5," 2 ",IF(BJ49>=1,"1 ",IF(BJ49>=0,"0")))))) -> #DIV/0! | AY49: =IF(BK49>=4.5, " 5 ", IF(BK49>=3.5," 4 ",IF(BK49>=2.5," 3 ",IF(BK49>=1.5," 2 ",IF(BK49>=1,"1 ",IF(BK49>=0,"0")))))) -> #DIV/0! | AZ49: =IF(BP49>=4.5, " 5 ", IF(BP49>=3.5," 4 ",IF(BP49>=2.5," 3 ",IF(BP49>=1.5," 2 ",IF(BP49>=1,"1 ",IF(BP49>=0,"0")))))) -> #DIV/0! | BA49: =$K49*$F$12 -> #DIV/0! | BB49: =$Q49*$L$12 -> #DIV/0! | BC49: =$W49*$R$12 -> #DIV/0! | BD49: =$Z49*$X$12 -> 0 | BE49: =BA49+BB49+BC49+BD49 -> #DIV/0! | BF49: =$AH49*$AC$12 -> #DIV/0! | BG49: =$AN49*$AI$12 -> #DIV/0! | BH49: =$AT49*$AO$12 -> #DIV/0! | BI49: =$AW49*$AU$12 -> 0 | BJ49: =(BF49+BG49+BH49+BI49) -> #DIV/0! | BK49: =(BE49+BJ49)/2 -> #DIV/0! | BL49: =(BE49+BJ49)/2 -> #DIV/0! | BM49: =ROUND(BL49,) -> #DIV/0! | BN49: =ROUND(BO50,) -> #DIV/0! | BP49: =(AY49+AY50)/2 -> #DIV/0!
E50: 2 | K50: =AVERAGE(F50:J50) -> #DIV/0! | Q50: =AVERAGE(L50:P50) -> #DIV/0! | W50: =AVERAGE(R50:V50) -> #DIV/0! | Z50: =IF(X50>=85,"5",IF(X50>=65,"4",IF(X50>=55,"3",IF(X50>=40,"2",IF(X50>=1,"1",IF(X50>="","0")))))) -> 0 | AA50: =IF(BE50>=4.5, " 5 ", IF(BE50>=3.5," 4 ",IF(BE50>=2.5," 3 ",IF(BE50>=1.5," 2 ",IF(BE50>=1,"1 ",IF(BE50>=0,"0")))))) -> #DIV/0! | AH50: =AVERAGE(AC50:AG50) -> #DIV/0! | AN50: =AVERAGE(AI50:AM50) -> #DIV/0! | AT50: =AVERAGE(AO50:AS50) -> #DIV/0! | AW50: =IF(AU50>=85,"5",IF(AU50>=65,"4",IF(AU50>=55,"3",IF(AU50>=40,"2",IF(AU50>=1,"1",IF(AU50>="","0")))))) -> 0 | AX50: =IF(BJ50>=4.5, " 5 ", IF(BJ50>=3.5," 4 ",IF(BJ50>=2.5," 3 ",IF(BJ50>=1.5," 2 ",IF(BJ50>=1,"1 ",IF(BJ50>=0,"0")))))) -> #DIV/0! | AY50: =IF(BK50>=4.5, " 5 ", IF(BK50>=3.5," 4 ",IF(BK50>=2.5," 3 ",IF(BK50>=1.5," 2 ",IF(BK50>=1,"1 ",IF(BK50>=0,"0")))))) -> #DIV/0! | BA50: =$K50*$F$12 -> #DIV/0! | BB50: =$Q50*$L$12 -> #DIV/0! | BC50: =$W50*$R$12 -> #DIV/0! | BD50: =$Z50*$X$12 -> 0 | BE50: =BA50+BB50+BC50+BD50 -> #DIV/0! | BF50: =$AH50*$AC$12 -> #DIV/0! | BG50: =$AN50*$AI$12 -> #DIV/0! | BH50: =$AT50*$AO$12 -> #DIV/0! | BI50: =$AW50*$AU$12 -> 0 | BJ50: =(BF50+BG50+BH50+BI50) -> #DIV/0! | BK50: =(BE50+BJ50)/2 -> #DIV/0! | BO50: =(BE50+BJ50)/2 -> #DIV/0!
A51: 20 | E51: 1 | K51: =AVERAGE(F51:J51) -> #DIV/0! | Q51: =AVERAGE(L51:P51) -> #DIV/0! | W51: =AVERAGE(R51:V51) -> #DIV/0! | Z51: =IF(X51>=85,"5",IF(X51>=65,"4",IF(X51>=55,"3",IF(X51>=40,"2",IF(X51>=1,"1",IF(X51>="","0")))))) -> 0 | AA51: =IF(BE51>=4.5, " 5 ", IF(BE51>=3.5," 4 ",IF(BE51>=2.5," 3 ",IF(BE51>=1.5," 2 ",IF(BE51>=1,"1 ",IF(BE51>=0,"0")))))) -> #DIV/0! | AH51: =AVERAGE(AC51:AG51) -> #DIV/0! | AN51: =AVERAGE(AI51:AM51) -> #DIV/0! | AT51: =AVERAGE(AO51:AS51) -> #DIV/0! | AW51: =IF(AU51>=85,"5",IF(AU51>=65,"4",IF(AU51>=55,"3",IF(AU51>=40,"2",IF(AU51>=1,"1",IF(AU51>="","0")))))) -> 0 | AX51: =IF(BJ51>=4.5, " 5 ", IF(BJ51>=3.5," 4 ",IF(BJ51>=2.5," 3 ",IF(BJ51>=1.5," 2 ",IF(BJ51>=1,"1 ",IF(BJ51>=0,"0")))))) -> #DIV/0! | AY51: =IF(BK51>=4.5, " 5 ", IF(BK51>=3.5," 4 ",IF(BK51>=2.5," 3 ",IF(BK51>=1.5," 2 ",IF(BK51>=1,"1 ",IF(BK51>=0,"0")))))) -> #DIV/0! | AZ51: =IF(BP51>=4.5, " 5 ", IF(BP51>=3.5," 4 ",IF(BP51>=2.5," 3 ",IF(BP51>=1.5," 2 ",IF(BP51>=1,"1 ",IF(BP51>=0,"0")))))) -> #DIV/0! | BA51: =$K51*$F$12 -> #DIV/0! | BB51: =$Q51*$L$12 -> #DIV/0! | BC51: =$W51*$R$12 -> #DIV/0! | BD51: =$Z51*$X$12 -> 0 | BE51: =BA51+BB51+BC51+BD51 -> #DIV/0! | BF51: =$AH51*$AC$12 -> #DIV/0! | BG51: =$AN51*$AI$12 -> #DIV/0! | BH51: =$AT51*$AO$12 -> #DIV/0! | BI51: =$AW51*$AU$12 -> 0 | BJ51: =(BF51+BG51+BH51+BI51) -> #DIV/0! | BK51: =(BE51+BJ51)/2 -> #DIV/0! | BL51: =(BE51+BJ51)/2 -> #DIV/0! | BM51: =ROUND(BL51,) -> #DIV/0! | BN51: =ROUND(BO52,) -> #DIV/0! | BP51: =(AY51+AY52)/2 -> #DIV/0!
E52: 2 | K52: =AVERAGE(F52:J52) -> #DIV/0! | Q52: =AVERAGE(L52:P52) -> #DIV/0! | W52: =AVERAGE(R52:V52) -> #DIV/0! | Z52: =IF(X52>=85,"5",IF(X52>=65,"4",IF(X52>=55,"3",IF(X52>=40,"2",IF(X52>=1,"1",IF(X52>="","0")))))) -> 0 | AA52: =IF(BE52>=4.5, " 5 ", IF(BE52>=3.5," 4 ",IF(BE52>=2.5," 3 ",IF(BE52>=1.5," 2 ",IF(BE52>=1,"1 ",IF(BE52>=0,"0")))))) -> #DIV/0! | AH52: =AVERAGE(AC52:AG52) -> #DIV/0! | AN52: =AVERAGE(AI52:AM52) -> #DIV/0! | AT52: =AVERAGE(AO52:AS52) -> #DIV/0! | AW52: =IF(AU52>=85,"5",IF(AU52>=65,"4",IF(AU52>=55,"3",IF(AU52>=40,"2",IF(AU52>=1,"1",IF(AU52>="","0")))))) -> 0 | AX52: =IF(BJ52>=4.5, " 5 ", IF(BJ52>=3.5," 4 ",IF(BJ52>=2.5," 3 ",IF(BJ52>=1.5," 2 ",IF(BJ52>=1,"1 ",IF(BJ52>=0,"0")))))) -> #DIV/0! | AY52: =IF(BK52>=4.5, " 5 ", IF(BK52>=3.5," 4 ",IF(BK52>=2.5," 3 ",IF(BK52>=1.5," 2 ",IF(BK52>=1,"1 ",IF(BK52>=0,"0")))))) -> #DIV/0! | BA52: =$K52*$F$12 -> #DIV/0! | BB52: =$Q52*$L$12 -> #DIV/0! | BC52: =$W52*$R$12 -> #DIV/0! | BD52: =$Z52*$X$12 -> 0 | BE52: =BA52+BB52+BC52+BD52 -> #DIV/0! | BF52: =$AH52*$AC$12 -> #DIV/0! | BG52: =$AN52*$AI$12 -> #DIV/0! | BH52: =$AT52*$AO$12 -> #DIV/0! | BI52: =$AW52*$AU$12 -> 0 | BJ52: =(BF52+BG52+BH52+BI52) -> #DIV/0! | BK52: =(BE52+BJ52)/2 -> #DIV/0! | BO52: =(BE52+BJ52)/2 -> #DIV/0!
A53: 21 | E53: 1 | K53: =AVERAGE(F53:J53) -> #DIV/0! | Q53: =AVERAGE(L53:P53) -> #DIV/0! | W53: =AVERAGE(R53:V53) -> #DIV/0! | Z53: =IF(X53>=85,"5",IF(X53>=65,"4",IF(X53>=55,"3",IF(X53>=40,"2",IF(X53>=1,"1",IF(X53>="","0")))))) -> 0 | AA53: =IF(BE53>=4.5, " 5 ", IF(BE53>=3.5," 4 ",IF(BE53>=2.5," 3 ",IF(BE53>=1.5," 2 ",IF(BE53>=1,"1 ",IF(BE53>=0,"0")))))) -> #DIV/0! | AH53: =AVERAGE(AC53:AG53) -> #DIV/0! | AN53: =AVERAGE(AI53:AM53) -> #DIV/0! | AT53: =AVERAGE(AO53:AS53) -> #DIV/0! | AW53: =IF(AU53>=85,"5",IF(AU53>=65,"4",IF(AU53>=55,"3",IF(AU53>=40,"2",IF(AU53>=1,"1",IF(AU53>="","0")))))) -> 0 | AX53: =IF(BJ53>=4.5, " 5 ", IF(BJ53>=3.5," 4 ",IF(BJ53>=2.5," 3 ",IF(BJ53>=1.5," 2 ",IF(BJ53>=1,"1 ",IF(BJ53>=0,"0")))))) -> #DIV/0! | AY53: =IF(BK53>=4.5, " 5 ", IF(BK53>=3.5," 4 ",IF(BK53>=2.5," 3 ",IF(BK53>=1.5," 2 ",IF(BK53>=1,"1 ",IF(BK53>=0,"0")))))) -> #DIV/0! | AZ53: =IF(BP53>=4.5, " 5 ", IF(BP53>=3.5," 4 ",IF(BP53>=2.5," 3 ",IF(BP53>=1.5," 2 ",IF(BP53>=1,"1 ",IF(BP53>=0,"0")))))) -> #DIV/0! | BA53: =$K53*$F$12 -> #DIV/0! | BB53: =$Q53*$L$12 -> #DIV/0! | BC53: =$W53*$R$12 -> #DIV/0! | BD53: =$Z53*$X$12 -> 0 | BE53: =BA53+BB53+BC53+BD53 -> #DIV/0! | BF53: =$AH53*$AC$12 -> #DIV/0! | BG53: =$AN53*$AI$12 -> #DIV/0! | BH53: =$AT53*$AO$12 -> #DIV/0! | BI53: =$AW53*$AU$12 -> 0 | BJ53: =(BF53+BG53+BH53+BI53) -> #DIV/0! | BK53: =(BE53+BJ53)/2 -> #DIV/0! | BL53: =(BE53+BJ53)/2 -> #DIV/0! | BM53: =ROUND(BL53,) -> #DIV/0! | BN53: =ROUND(BO54,) -> #DIV/0! | BP53: =(AY53+AY54)/2 -> #DIV/0!
E54: 2 | K54: =AVERAGE(F54:J54) -> #DIV/0! | Q54: =AVERAGE(L54:P54) -> #DIV/0! | W54: =AVERAGE(R54:V54) -> #DIV/0! | Z54: =IF(X54>=85,"5",IF(X54>=65,"4",IF(X54>=55,"3",IF(X54>=40,"2",IF(X54>=1,"1",IF(X54>="","0")))))) -> 0 | AA54: =IF(BE54>=4.5, " 5 ", IF(BE54>=3.5," 4 ",IF(BE54>=2.5," 3 ",IF(BE54>=1.5," 2 ",IF(BE54>=1,"1 ",IF(BE54>=0,"0")))))) -> #DIV/0! | AH54: =AVERAGE(AC54:AG54) -> #DIV/0! | AN54: =AVERAGE(AI54:AM54) -> #DIV/0! | AT54: =AVERAGE(AO54:AS54) -> #DIV/0! | AW54: =IF(AU54>=85,"5",IF(AU54>=65,"4",IF(AU54>=55,"3",IF(AU54>=40,"2",IF(AU54>=1,"1",IF(AU54>="","0")))))) -> 0 | AX54: =IF(BJ54>=4.5, " 5 ", IF(BJ54>=3.5," 4 ",IF(BJ54>=2.5," 3 ",IF(BJ54>=1.5," 2 ",IF(BJ54>=1,"1 ",IF(BJ54>=0,"0")))))) -> #DIV/0! | AY54: =IF(BK54>=4.5, " 5 ", IF(BK54>=3.5," 4 ",IF(BK54>=2.5," 3 ",IF(BK54>=1.5," 2 ",IF(BK54>=1,"1 ",IF(BK54>=0,"0")))))) -> #DIV/0! | BA54: =$K54*$F$12 -> #DIV/0! | BB54: =$Q54*$L$12 -> #DIV/0! | BC54: =$W54*$R$12 -> #DIV/0! | BD54: =$Z54*$X$12 -> 0 | BE54: =BA54+BB54+BC54+BD54 -> #DIV/0! | BF54: =$AH54*$AC$12 -> #DIV/0! | BG54: =$AN54*$AI$12 -> #DIV/0! | BH54: =$AT54*$AO$12 -> #DIV/0! | BI54: =$AW54*$AU$12 -> 0 | BJ54: =(BF54+BG54+BH54+BI54) -> #DIV/0! | BK54: =(BE54+BJ54)/2 -> #DIV/0! | BO54: =(BE54+BJ54)/2 -> #DIV/0!
A55: 22 | E55: 1 | K55: =AVERAGE(F55:J55) -> #DIV/0! | Q55: =AVERAGE(L55:P55) -> #DIV/0! | W55: =AVERAGE(R55:V55) -> #DIV/0! | Z55: =IF(X55>=85,"5",IF(X55>=65,"4",IF(X55>=55,"3",IF(X55>=40,"2",IF(X55>=1,"1",IF(X55>="","0")))))) -> 0 | AA55: =IF(BE55>=4.5, " 5 ", IF(BE55>=3.5," 4 ",IF(BE55>=2.5," 3 ",IF(BE55>=1.5," 2 ",IF(BE55>=1,"1 ",IF(BE55>=0,"0")))))) -> #DIV/0! | AH55: =AVERAGE(AC55:AG55) -> #DIV/0! | AN55: =AVERAGE(AI55:AM55) -> #DIV/0! | AT55: =AVERAGE(AO55:AS55) -> #DIV/0! | AW55: =IF(AU55>=85,"5",IF(AU55>=65,"4",IF(AU55>=55,"3",IF(AU55>=40,"2",IF(AU55>=1,"1",IF(AU55>="","0")))))) -> 0 | AX55: =IF(BJ55>=4.5, " 5 ", IF(BJ55>=3.5," 4 ",IF(BJ55>=2.5," 3 ",IF(BJ55>=1.5," 2 ",IF(BJ55>=1,"1 ",IF(BJ55>=0,"0")))))) -> #DIV/0! | AY55: =IF(BK55>=4.5, " 5 ", IF(BK55>=3.5," 4 ",IF(BK55>=2.5," 3 ",IF(BK55>=1.5," 2 ",IF(BK55>=1,"1 ",IF(BK55>=0,"0")))))) -> #DIV/0! | AZ55: =IF(BP55>=4.5, " 5 ", IF(BP55>=3.5," 4 ",IF(BP55>=2.5," 3 ",IF(BP55>=1.5," 2 ",IF(BP55>=1,"1 ",IF(BP55>=0,"0")))))) -> #DIV/0! | BA55: =$K55*$F$12 -> #DIV/0! | BB55: =$Q55*$L$12 -> #DIV/0! | BC55: =$W55*$R$12 -> #DIV/0! | BD55: =$Z55*$X$12 -> 0 | BE55: =BA55+BB55+BC55+BD55 -> #DIV/0! | BF55: =$AH55*$AC$12 -> #DIV/0! | BG55: =$AN55*$AI$12 -> #DIV/0! | BH55: =$AT55*$AO$12 -> #DIV/0! | BI55: =$AW55*$AU$12 -> 0 | BJ55: =(BF55+BG55+BH55+BI55) -> #DIV/0! | BK55: =(BE55+BJ55)/2 -> #DIV/0! | BL55: =(BE55+BJ55)/2 -> #DIV/0! | BM55: =ROUND(BL55,) -> #DIV/0! | BN55: =ROUND(BO56,) -> #DIV/0! | BP55: =(AY55+AY56)/2 -> #DIV/0!
E56: 2 | K56: =AVERAGE(F56:J56) -> #DIV/0! | Q56: =AVERAGE(L56:P56) -> #DIV/0! | W56: =AVERAGE(R56:V56) -> #DIV/0! | Z56: =IF(X56>=85,"5",IF(X56>=65,"4",IF(X56>=55,"3",IF(X56>=40,"2",IF(X56>=1,"1",IF(X56>="","0")))))) -> 0 | AA56: =IF(BE56>=4.5, " 5 ", IF(BE56>=3.5," 4 ",IF(BE56>=2.5," 3 ",IF(BE56>=1.5," 2 ",IF(BE56>=1,"1 ",IF(BE56>=0,"0")))))) -> #DIV/0! | AH56: =AVERAGE(AC56:AG56) -> #DIV/0! | AN56: =AVERAGE(AI56:AM56) -> #DIV/0! | AT56: =AVERAGE(AO56:AS56) -> #DIV/0! | AW56: =IF(AU56>=85,"5",IF(AU56>=65,"4",IF(AU56>=55,"3",IF(AU56>=40,"2",IF(AU56>=1,"1",IF(AU56>="","0")))))) -> 0 | AX56: =IF(BJ56>=4.5, " 5 ", IF(BJ56>=3.5," 4 ",IF(BJ56>=2.5," 3 ",IF(BJ56>=1.5," 2 ",IF(BJ56>=1,"1 ",IF(BJ56>=0,"0")))))) -> #DIV/0! | AY56: =IF(BK56>=4.5, " 5 ", IF(BK56>=3.5," 4 ",IF(BK56>=2.5," 3 ",IF(BK56>=1.5," 2 ",IF(BK56>=1,"1 ",IF(BK56>=0,"0")))))) -> #DIV/0! | BA56: =$K56*$F$12 -> #DIV/0! | BB56: =$Q56*$L$12 -> #DIV/0! | BC56: =$W56*$R$12 -> #DIV/0! | BD56: =$Z56*$X$12 -> 0 | BE56: =BA56+BB56+BC56+BD56 -> #DIV/0! | BF56: =$AH56*$AC$12 -> #DIV/0! | BG56: =$AN56*$AI$12 -> #DIV/0! | BH56: =$AT56*$AO$12 -> #DIV/0! | BI56: =$AW56*$AU$12 -> 0 | BJ56: =(BF56+BG56+BH56+BI56) -> #DIV/0! | BK56: =(BE56+BJ56)/2 -> #DIV/0! | BO56: =(BE56+BJ56)/2 -> #DIV/0!
A57: 23 | E57: 1 | K57: =AVERAGE(F57:J57) -> #DIV/0! | Q57: =AVERAGE(L57:P57) -> #DIV/0! | W57: =AVERAGE(R57:V57) -> #DIV/0! | Z57: =IF(X57>=85,"5",IF(X57>=65,"4",IF(X57>=55,"3",IF(X57>=40,"2",IF(X57>=1,"1",IF(X57>="","0")))))) -> 0 | AA57: =IF(BE57>=4.5, " 5 ", IF(BE57>=3.5," 4 ",IF(BE57>=2.5," 3 ",IF(BE57>=1.5," 2 ",IF(BE57>=1,"1 ",IF(BE57>=0,"0")))))) -> #DIV/0! | AH57: =AVERAGE(AC57:AG57) -> #DIV/0! | AN57: =AVERAGE(AI57:AM57) -> #DIV/0! | AT57: =AVERAGE(AO57:AS57) -> #DIV/0! | AW57: =IF(AU57>=85,"5",IF(AU57>=65,"4",IF(AU57>=55,"3",IF(AU57>=40,"2",IF(AU57>=1,"1",IF(AU57>="","0")))))) -> 0 | AX57: =IF(BJ57>=4.5, " 5 ", IF(BJ57>=3.5," 4 ",IF(BJ57>=2.5," 3 ",IF(BJ57>=1.5," 2 ",IF(BJ57>=1,"1 ",IF(BJ57>=0,"0")))))) -> #DIV/0! | AY57: =IF(BK57>=4.5, " 5 ", IF(BK57>=3.5," 4 ",IF(BK57>=2.5," 3 ",IF(BK57>=1.5," 2 ",IF(BK57>=1,"1 ",IF(BK57>=0,"0")))))) -> #DIV/0! | AZ57: =IF(BP57>=4.5, " 5 ", IF(BP57>=3.5," 4 ",IF(BP57>=2.5," 3 ",IF(BP57>=1.5," 2 ",IF(BP57>=1,"1 ",IF(BP57>=0,"0")))))) -> #DIV/0! | BA57: =$K57*$F$12 -> #DIV/0! | BB57: =$Q57*$L$12 -> #DIV/0! | BC57: =$W57*$R$12 -> #DIV/0! | BD57: =$Z57*$X$12 -> 0 | BE57: =BA57+BB57+BC57+BD57 -> #DIV/0! | BF57: =$AH57*$AC$12 -> #DIV/0! | BG57: =$AN57*$AI$12 -> #DIV/0! | BH57: =$AT57*$AO$12 -> #DIV/0! | BI57: =$AW57*$AU$12 -> 0 | BJ57: =(BF57+BG57+BH57+BI57) -> #DIV/0! | BK57: =(BE57+BJ57)/2 -> #DIV/0! | BL57: =(BE57+BJ57)/2 -> #DIV/0! | BM57: =ROUND(BL57,) -> #DIV/0! | BN57: =ROUND(BO58,) -> #DIV/0! | BP57: =(AY57+AY58)/2 -> #DIV/0!
E58: 2 | K58: =AVERAGE(F58:J58) -> #DIV/0! | Q58: =AVERAGE(L58:P58) -> #DIV/0! | W58: =AVERAGE(R58:V58) -> #DIV/0! | Z58: =IF(X58>=85,"5",IF(X58>=65,"4",IF(X58>=55,"3",IF(X58>=40,"2",IF(X58>=1,"1",IF(X58>="","0")))))) -> 0 | AA58: =IF(BE58>=4.5, " 5 ", IF(BE58>=3.5," 4 ",IF(BE58>=2.5," 3 ",IF(BE58>=1.5," 2 ",IF(BE58>=1,"1 ",IF(BE58>=0,"0")))))) -> #DIV/0! | AH58: =AVERAGE(AC58:AG58) -> #DIV/0! | AN58: =AVERAGE(AI58:AM58) -> #DIV/0! | AT58: =AVERAGE(AO58:AS58) -> #DIV/0! | AW58: =IF(AU58>=85,"5",IF(AU58>=65,"4",IF(AU58>=55,"3",IF(AU58>=40,"2",IF(AU58>=1,"1",IF(AU58>="","0")))))) -> 0 | AX58: =IF(BJ58>=4.5, " 5 ", IF(BJ58>=3.5," 4 ",IF(BJ58>=2.5," 3 ",IF(BJ58>=1.5," 2 ",IF(BJ58>=1,"1 ",IF(BJ58>=0,"0")))))) -> #DIV/0! | AY58: =IF(BK58>=4.5, " 5 ", IF(BK58>=3.5," 4 ",IF(BK58>=2.5," 3 ",IF(BK58>=1.5," 2 ",IF(BK58>=1,"1 ",IF(BK58>=0,"0")))))) -> #DIV/0! | BA58: =$K58*$F$12 -> #DIV/0! | BB58: =$Q58*$L$12 -> #DIV/0! | BC58: =$W58*$R$12 -> #DIV/0! | BD58: =$Z58*$X$12 -> 0 | BE58: =BA58+BB58+BC58+BD58 -> #DIV/0! | BF58: =$AH58*$AC$12 -> #DIV/0! | BG58: =$AN58*$AI$12 -> #DIV/0! | BH58: =$AT58*$AO$12 -> #DIV/0! | BI58: =$AW58*$AU$12 -> 0 | BJ58: =(BF58+BG58+BH58+BI58) -> #DIV/0! | BK58: =(BE58+BJ58)/2 -> #DIV/0! | BO58: =(BE58+BJ58)/2 -> #DIV/0!
A59: 24 | E59: 1 | K59: =AVERAGE(F59:J59) -> #DIV/0! | Q59: =AVERAGE(L59:P59) -> #DIV/0! | W59: =AVERAGE(R59:V59) -> #DIV/0! | Z59: =IF(X59>=85,"5",IF(X59>=65,"4",IF(X59>=55,"3",IF(X59>=40,"2",IF(X59>=1,"1",IF(X59>="","0")))))) -> 0 | AA59: =IF(BE59>=4.5, " 5 ", IF(BE59>=3.5," 4 ",IF(BE59>=2.5," 3 ",IF(BE59>=1.5," 2 ",IF(BE59>=1,"1 ",IF(BE59>=0,"0")))))) -> #DIV/0! | AH59: =AVERAGE(AC59:AG59) -> #DIV/0! | AN59: =AVERAGE(AI59:AM59) -> #DIV/0! | AT59: =AVERAGE(AO59:AS59) -> #DIV/0! | AW59: =IF(AU59>=85,"5",IF(AU59>=65,"4",IF(AU59>=55,"3",IF(AU59>=40,"2",IF(AU59>=1,"1",IF(AU59>="","0")))))) -> 0 | AX59: =IF(BJ59>=4.5, " 5 ", IF(BJ59>=3.5," 4 ",IF(BJ59>=2.5," 3 ",IF(BJ59>=1.5," 2 ",IF(BJ59>=1,"1 ",IF(BJ59>=0,"0")))))) -> #DIV/0! | AY59: =IF(BK59>=4.5, " 5 ", IF(BK59>=3.5," 4 ",IF(BK59>=2.5," 3 ",IF(BK59>=1.5," 2 ",IF(BK59>=1,"1 ",IF(BK59>=0,"0")))))) -> #DIV/0! | AZ59: =IF(BP59>=4.5, " 5 ", IF(BP59>=3.5," 4 ",IF(BP59>=2.5," 3 ",IF(BP59>=1.5," 2 ",IF(BP59>=1,"1 ",IF(BP59>=0,"0")))))) -> #DIV/0! | BA59: =$K59*$F$12 -> #DIV/0! | BB59: =$Q59*$L$12 -> #DIV/0! | BC59: =$W59*$R$12 -> #DIV/0! | BD59: =$Z59*$X$12 -> 0 | BE59: =BA59+BB59+BC59+BD59 -> #DIV/0! | BF59: =$AH59*$AC$12 -> #DIV/0! | BG59: =$AN59*$AI$12 -> #DIV/0! | BH59: =$AT59*$AO$12 -> #DIV/0! | BI59: =$AW59*$AU$12 -> 0 | BJ59: =(BF59+BG59+BH59+BI59) -> #DIV/0! | BK59: =(BE59+BJ59)/2 -> #DIV/0! | BL59: =(BE59+BJ59)/2 -> #DIV/0! | BM59: =ROUND(BL59,) -> #DIV/0! | BN59: =ROUND(BO60,) -> #DIV/0! | BP59: =(AY59+AY60)/2 -> #DIV/0!
E60: 2 | K60: =AVERAGE(F60:J60) -> #DIV/0! | Q60: =AVERAGE(L60:P60) -> #DIV/0! | W60: =AVERAGE(R60:V60) -> #DIV/0! | Z60: =IF(X60>=85,"5",IF(X60>=65,"4",IF(X60>=55,"3",IF(X60>=40,"2",IF(X60>=1,"1",IF(X60>="","0")))))) -> 0 | AA60: =IF(BE60>=4.5, " 5 ", IF(BE60>=3.5," 4 ",IF(BE60>=2.5," 3 ",IF(BE60>=1.5," 2 ",IF(BE60>=1,"1 ",IF(BE60>=0,"0")))))) -> #DIV/0! | AH60: =AVERAGE(AC60:AG60) -> #DIV/0! | AN60: =AVERAGE(AI60:AM60) -> #DIV/0! | AT60: =AVERAGE(AO60:AS60) -> #DIV/0! | AW60: =IF(AU60>=85,"5",IF(AU60>=65,"4",IF(AU60>=55,"3",IF(AU60>=40,"2",IF(AU60>=1,"1",IF(AU60>="","0")))))) -> 0 | AX60: =IF(BJ60>=4.5, " 5 ", IF(BJ60>=3.5," 4 ",IF(BJ60>=2.5," 3 ",IF(BJ60>=1.5," 2 ",IF(BJ60>=1,"1 ",IF(BJ60>=0,"0")))))) -> #DIV/0! | AY60: =IF(BK60>=4.5, " 5 ", IF(BK60>=3.5," 4 ",IF(BK60>=2.5," 3 ",IF(BK60>=1.5," 2 ",IF(BK60>=1,"1 ",IF(BK60>=0,"0")))))) -> #DIV/0! | BA60: =$K60*$F$12 -> #DIV/0! | BB60: =$Q60*$L$12 -> #DIV/0! | BC60: =$W60*$R$12 -> #DIV/0! | BD60: =$Z60*$X$12 -> 0 | BE60: =BA60+BB60+BC60+BD60 -> #DIV/0! | BF60: =$AH60*$AC$12 -> #DIV/0! | BG60: =$AN60*$AI$12 -> #DIV/0! | BH60: =$AT60*$AO$12 -> #DIV/0! | BI60: =$AW60*$AU$12 -> 0 | BJ60: =(BF60+BG60+BH60+BI60) -> #DIV/0! | BK60: =(BE60+BJ60)/2 -> #DIV/0! | BO60: =(BE60+BJ60)/2 -> #DIV/0!
A61: 25 | E61: 1 | K61: =AVERAGE(F61:J61) -> #DIV/0! | Q61: =AVERAGE(L61:P61) -> #DIV/0! | W61: =AVERAGE(R61:V61) -> #DIV/0! | Z61: =IF(X61>=85,"5",IF(X61>=65,"4",IF(X61>=55,"3",IF(X61>=40,"2",IF(X61>=1,"1",IF(X61>="","0")))))) -> 0 | AA61: =IF(BE61>=4.5, " 5 ", IF(BE61>=3.5," 4 ",IF(BE61>=2.5," 3 ",IF(BE61>=1.5," 2 ",IF(BE61>=1,"1 ",IF(BE61>=0,"0")))))) -> #DIV/0! | AH61: =AVERAGE(AC61:AG61) -> #DIV/0! | AN61: =AVERAGE(AI61:AM61) -> #DIV/0! | AT61: =AVERAGE(AO61:AS61) -> #DIV/0! | AW61: =IF(AU61>=85,"5",IF(AU61>=65,"4",IF(AU61>=55,"3",IF(AU61>=40,"2",IF(AU61>=1,"1",IF(AU61>="","0")))))) -> 0 | AX61: =IF(BJ61>=4.5, " 5 ", IF(BJ61>=3.5," 4 ",IF(BJ61>=2.5," 3 ",IF(BJ61>=1.5," 2 ",IF(BJ61>=1,"1 ",IF(BJ61>=0,"0")))))) -> #DIV/0! | AY61: =IF(BK61>=4.5, " 5 ", IF(BK61>=3.5," 4 ",IF(BK61>=2.5," 3 ",IF(BK61>=1.5," 2 ",IF(BK61>=1,"1 ",IF(BK61>=0,"0")))))) -> #DIV/0! | AZ61: =IF(BP61>=4.5, " 5 ", IF(BP61>=3.5," 4 ",IF(BP61>=2.5," 3 ",IF(BP61>=1.5," 2 ",IF(BP61>=1,"1 ",IF(BP61>=0,"0")))))) -> #DIV/0! | BA61: =$K61*$F$12 -> #DIV/0! | BB61: =$Q61*$L$12 -> #DIV/0! | BC61: =$W61*$R$12 -> #DIV/0! | BD61: =$Z61*$X$12 -> 0 | BE61: =BA61+BB61+BC61+BD61 -> #DIV/0! | BF61: =$AH61*$AC$12 -> #DIV/0! | BG61: =$AN61*$AI$12 -> #DIV/0! | BH61: =$AT61*$AO$12 -> #DIV/0! | BI61: =$AW61*$AU$12 -> 0 | BJ61: =(BF61+BG61+BH61+BI61) -> #DIV/0! | BK61: =(BE61+BJ61)/2 -> #DIV/0! | BL61: =(BE61+BJ61)/2 -> #DIV/0! | BM61: =ROUND(BL61,) -> #DIV/0! | BN61: =ROUND(BO62,) -> #DIV/0! | BP61: =(AY61+AY62)/2 -> #DIV/0!
E62: 2 | K62: =AVERAGE(F62:J62) -> #DIV/0! | Q62: =AVERAGE(L62:P62) -> #DIV/0! | W62: =AVERAGE(R62:V62) -> #DIV/0! | Z62: =IF(X62>=85,"5",IF(X62>=65,"4",IF(X62>=55,"3",IF(X62>=40,"2",IF(X62>=1,"1",IF(X62>="","0")))))) -> 0 | AA62: =IF(BE62>=4.5, " 5 ", IF(BE62>=3.5," 4 ",IF(BE62>=2.5," 3 ",IF(BE62>=1.5," 2 ",IF(BE62>=1,"1 ",IF(BE62>=0,"0")))))) -> #DIV/0! | AH62: =AVERAGE(AC62:AG62) -> #DIV/0! | AN62: =AVERAGE(AI62:AM62) -> #DIV/0! | AT62: =AVERAGE(AO62:AS62) -> #DIV/0! | AW62: =IF(AU62>=85,"5",IF(AU62>=65,"4",IF(AU62>=55,"3",IF(AU62>=40,"2",IF(AU62>=1,"1",IF(AU62>="","0")))))) -> 0 | AX62: =IF(BJ62>=4.5, " 5 ", IF(BJ62>=3.5," 4 ",IF(BJ62>=2.5," 3 ",IF(BJ62>=1.5," 2 ",IF(BJ62>=1,"1 ",IF(BJ62>=0,"0")))))) -> #DIV/0! | AY62: =IF(BK62>=4.5, " 5 ", IF(BK62>=3.5," 4 ",IF(BK62>=2.5," 3 ",IF(BK62>=1.5," 2 ",IF(BK62>=1,"1 ",IF(BK62>=0,"0")))))) -> #DIV/0! | BA62: =$K62*$F$12 -> #DIV/0! | BB62: =$Q62*$L$12 -> #DIV/0! | BC62: =$W62*$R$12 -> #DIV/0! | BD62: =$Z62*$X$12 -> 0 | BE62: =BA62+BB62+BC62+BD62 -> #DIV/0! | BF62: =$AH62*$AC$12 -> #DIV/0! | BG62: =$AN62*$AI$12 -> #DIV/0! | BH62: =$AT62*$AO$12 -> #DIV/0! | BI62: =$AW62*$AU$12 -> 0 | BJ62: =(BF62+BG62+BH62+BI62) -> #DIV/0! | BK62: =(BE62+BJ62)/2 -> #DIV/0! | BO62: =(BE62+BJ62)/2 -> #DIV/0!
A63: 26 | E63: 1 | K63: =AVERAGE(F63:J63) -> #DIV/0! | Q63: =AVERAGE(L63:P63) -> #DIV/0! | W63: =AVERAGE(R63:V63) -> #DIV/0! | Z63: =IF(X63>=85,"5",IF(X63>=65,"4",IF(X63>=55,"3",IF(X63>=40,"2",IF(X63>=1,"1",IF(X63>="","0")))))) -> 0 | AA63: =IF(BE63>=4.5, " 5 ", IF(BE63>=3.5," 4 ",IF(BE63>=2.5," 3 ",IF(BE63>=1.5," 2 ",IF(BE63>=1,"1 ",IF(BE63>=0,"0")))))) -> #DIV/0! | AH63: =AVERAGE(AC63:AG63) -> #DIV/0! | AN63: =AVERAGE(AI63:AM63) -> #DIV/0! | AT63: =AVERAGE(AO63:AS63) -> #DIV/0! | AW63: =IF(AU63>=85,"5",IF(AU63>=65,"4",IF(AU63>=55,"3",IF(AU63>=40,"2",IF(AU63>=1,"1",IF(AU63>="","0")))))) -> 0 | AX63: =IF(BJ63>=4.5, " 5 ", IF(BJ63>=3.5," 4 ",IF(BJ63>=2.5," 3 ",IF(BJ63>=1.5," 2 ",IF(BJ63>=1,"1 ",IF(BJ63>=0,"0")))))) -> #DIV/0! | AY63: =IF(BK63>=4.5, " 5 ", IF(BK63>=3.5," 4 ",IF(BK63>=2.5," 3 ",IF(BK63>=1.5," 2 ",IF(BK63>=1,"1 ",IF(BK63>=0,"0")))))) -> #DIV/0! | AZ63: =IF(BP63>=4.5, " 5 ", IF(BP63>=3.5," 4 ",IF(BP63>=2.5," 3 ",IF(BP63>=1.5," 2 ",IF(BP63>=1,"1 ",IF(BP63>=0,"0")))))) -> #DIV/0! | BA63: =$K63*$F$12 -> #DIV/0! | BB63: =$Q63*$L$12 -> #DIV/0! | BC63: =$W63*$R$12 -> #DIV/0! | BD63: =$Z63*$X$12 -> 0 | BE63: =BA63+BB63+BC63+BD63 -> #DIV/0! | BF63: =$AH63*$AC$12 -> #DIV/0! | BG63: =$AN63*$AI$12 -> #DIV/0! | BH63: =$AT63*$AO$12 -> #DIV/0! | BI63: =$AW63*$AU$12 -> 0 | BJ63: =(BF63+BG63+BH63+BI63) -> #DIV/0! | BK63: =(BE63+BJ63)/2 -> #DIV/0! | BL63: =(BE63+BJ63)/2 -> #DIV/0! | BM63: =ROUND(BL63,) -> #DIV/0! | BN63: =ROUND(BO64,) -> #DIV/0! | BP63: =(AY63+AY64)/2 -> #DIV/0!
E64: 2 | K64: =AVERAGE(F64:J64) -> #DIV/0! | Q64: =AVERAGE(L64:P64) -> #DIV/0! | W64: =AVERAGE(R64:V64) -> #DIV/0! | Z64: =IF(X64>=85,"5",IF(X64>=65,"4",IF(X64>=55,"3",IF(X64>=40,"2",IF(X64>=1,"1",IF(X64>="","0")))))) -> 0 | AA64: =IF(BE64>=4.5, " 5 ", IF(BE64>=3.5," 4 ",IF(BE64>=2.5," 3 ",IF(BE64>=1.5," 2 ",IF(BE64>=1,"1 ",IF(BE64>=0,"0")))))) -> #DIV/0! | AH64: =AVERAGE(AC64:AG64) -> #DIV/0! | AN64: =AVERAGE(AI64:AM64) -> #DIV/0! | AT64: =AVERAGE(AO64:AS64) -> #DIV/0! | AW64: =IF(AU64>=85,"5",IF(AU64>=65,"4",IF(AU64>=55,"3",IF(AU64>=40,"2",IF(AU64>=1,"1",IF(AU64>="","0")))))) -> 0 | AX64: =IF(BJ64>=4.5, " 5 ", IF(BJ64>=3.5," 4 ",IF(BJ64>=2.5," 3 ",IF(BJ64>=1.5," 2 ",IF(BJ64>=1,"1 ",IF(BJ64>=0,"0")))))) -> #DIV/0! | AY64: =IF(BK64>=4.5, " 5 ", IF(BK64>=3.5," 4 ",IF(BK64>=2.5," 3 ",IF(BK64>=1.5," 2 ",IF(BK64>=1,"1 ",IF(BK64>=0,"0")))))) -> #DIV/0! | BA64: =$K64*$F$12 -> #DIV/0! | BB64: =$Q64*$L$12 -> #DIV/0! | BC64: =$W64*$R$12 -> #DIV/0! | BD64: =$Z64*$X$12 -> 0 | BE64: =BA64+BB64+BC64+BD64 -> #DIV/0! | BF64: =$AH64*$AC$12 -> #DIV/0! | BG64: =$AN64*$AI$12 -> #DIV/0! | BH64: =$AT64*$AO$12 -> #DIV/0! | BI64: =$AW64*$AU$12 -> 0 | BJ64: =(BF64+BG64+BH64+BI64) -> #DIV/0! | BK64: =(BE64+BJ64)/2 -> #DIV/0! | BO64: =(BE64+BJ64)/2 -> #DIV/0!
A65: 27 | E65: 1 | K65: =AVERAGE(F65:J65) -> #DIV/0! | Q65: =AVERAGE(L65:P65) -> #DIV/0! | W65: =AVERAGE(R65:V65) -> #DIV/0! | Z65: =IF(X65>=85,"5",IF(X65>=65,"4",IF(X65>=55,"3",IF(X65>=40,"2",IF(X65>=1,"1",IF(X65>="","0")))))) -> 0 | AA65: =IF(BE65>=4.5, " 5 ", IF(BE65>=3.5," 4 ",IF(BE65>=2.5," 3 ",IF(BE65>=1.5," 2 ",IF(BE65>=1,"1 ",IF(BE65>=0,"0")))))) -> #DIV/0! | AH65: =AVERAGE(AC65:AG65) -> #DIV/0! | AN65: =AVERAGE(AI65:AM65) -> #DIV/0! | AT65: =AVERAGE(AO65:AS65) -> #DIV/0! | AW65: =IF(AU65>=85,"5",IF(AU65>=65,"4",IF(AU65>=55,"3",IF(AU65>=40,"2",IF(AU65>=1,"1",IF(AU65>="","0")))))) -> 0 | AX65: =IF(BJ65>=4.5, " 5 ", IF(BJ65>=3.5," 4 ",IF(BJ65>=2.5," 3 ",IF(BJ65>=1.5," 2 ",IF(BJ65>=1,"1 ",IF(BJ65>=0,"0")))))) -> #DIV/0! | AY65: =IF(BK65>=4.5, " 5 ", IF(BK65>=3.5," 4 ",IF(BK65>=2.5," 3 ",IF(BK65>=1.5," 2 ",IF(BK65>=1,"1 ",IF(BK65>=0,"0")))))) -> #DIV/0! | AZ65: =IF(BP65>=4.5, " 5 ", IF(BP65>=3.5," 4 ",IF(BP65>=2.5," 3 ",IF(BP65>=1.5," 2 ",IF(BP65>=1,"1 ",IF(BP65>=0,"0")))))) -> #DIV/0! | BA65: =$K65*$F$12 -> #DIV/0! | BB65: =$Q65*$L$12 -> #DIV/0! | BC65: =$W65*$R$12 -> #DIV/0! | BD65: =$Z65*$X$12 -> 0 | BE65: =BA65+BB65+BC65+BD65 -> #DIV/0! | BF65: =$AH65*$AC$12 -> #DIV/0! | BG65: =$AN65*$AI$12 -> #DIV/0! | BH65: =$AT65*$AO$12 -> #DIV/0! | BI65: =$AW65*$AU$12 -> 0 | BJ65: =(BF65+BG65+BH65+BI65) -> #DIV/0! | BK65: =(BE65+BJ65)/2 -> #DIV/0! | BL65: =(BE65+BJ65)/2 -> #DIV/0! | BM65: =ROUND(BL65,) -> #DIV/0! | BN65: =ROUND(BO66,) -> #DIV/0! | BP65: =(AY65+AY66)/2 -> #DIV/0!
E66: 2 | K66: =AVERAGE(F66:J66) -> #DIV/0! | Q66: =AVERAGE(L66:P66) -> #DIV/0! | W66: =AVERAGE(R66:V66) -> #DIV/0! | Z66: =IF(X66>=85,"5",IF(X66>=65,"4",IF(X66>=55,"3",IF(X66>=40,"2",IF(X66>=1,"1",IF(X66>="","0")))))) -> 0 | AA66: =IF(BE66>=4.5, " 5 ", IF(BE66>=3.5," 4 ",IF(BE66>=2.5," 3 ",IF(BE66>=1.5," 2 ",IF(BE66>=1,"1 ",IF(BE66>=0,"0")))))) -> #DIV/0! | AH66: =AVERAGE(AC66:AG66) -> #DIV/0! | AN66: =AVERAGE(AI66:AM66) -> #DIV/0! | AT66: =AVERAGE(AO66:AS66) -> #DIV/0! | AW66: =IF(AU66>=85,"5",IF(AU66>=65,"4",IF(AU66>=55,"3",IF(AU66>=40,"2",IF(AU66>=1,"1",IF(AU66>="","0")))))) -> 0 | AX66: =IF(BJ66>=4.5, " 5 ", IF(BJ66>=3.5," 4 ",IF(BJ66>=2.5," 3 ",IF(BJ66>=1.5," 2 ",IF(BJ66>=1,"1 ",IF(BJ66>=0,"0")))))) -> #DIV/0! | AY66: =IF(BK66>=4.5, " 5 ", IF(BK66>=3.5," 4 ",IF(BK66>=2.5," 3 ",IF(BK66>=1.5," 2 ",IF(BK66>=1,"1 ",IF(BK66>=0,"0")))))) -> #DIV/0! | BA66: =$K66*$F$12 -> #DIV/0! | BB66: =$Q66*$L$12 -> #DIV/0! | BC66: =$W66*$R$12 -> #DIV/0! | BD66: =$Z66*$X$12 -> 0 | BE66: =BA66+BB66+BC66+BD66 -> #DIV/0! | BF66: =$AH66*$AC$12 -> #DIV/0! | BG66: =$AN66*$AI$12 -> #DIV/0! | BH66: =$AT66*$AO$12 -> #DIV/0! | BI66: =$AW66*$AU$12 -> 0 | BJ66: =(BF66+BG66+BH66+BI66) -> #DIV/0! | BK66: =(BE66+BJ66)/2 -> #DIV/0! | BO66: =(BE66+BJ66)/2 -> #DIV/0!
A67: 28 | E67: 1 | K67: =AVERAGE(F67:J67) -> #DIV/0! | Q67: =AVERAGE(L67:P67) -> #DIV/0! | W67: =AVERAGE(R67:V67) -> #DIV/0! | Z67: =IF(X67>=85,"5",IF(X67>=65,"4",IF(X67>=55,"3",IF(X67>=40,"2",IF(X67>=1,"1",IF(X67>="","0")))))) -> 0 | AA67: =IF(BE67>=4.5, " 5 ", IF(BE67>=3.5," 4 ",IF(BE67>=2.5," 3 ",IF(BE67>=1.5," 2 ",IF(BE67>=1,"1 ",IF(BE67>=0,"0")))))) -> #DIV/0! | AH67: =AVERAGE(AC67:AG67) -> #DIV/0! | AN67: =AVERAGE(AI67:AM67) -> #DIV/0! | AT67: =AVERAGE(AO67:AS67) -> #DIV/0! | AW67: =IF(AU67>=85,"5",IF(AU67>=65,"4",IF(AU67>=55,"3",IF(AU67>=40,"2",IF(AU67>=1,"1",IF(AU67>="","0")))))) -> 0 | AX67: =IF(BJ67>=4.5, " 5 ", IF(BJ67>=3.5," 4 ",IF(BJ67>=2.5," 3 ",IF(BJ67>=1.5," 2 ",IF(BJ67>=1,"1 ",IF(BJ67>=0,"0")))))) -> #DIV/0! | AY67: =IF(BK67>=4.5, " 5 ", IF(BK67>=3.5," 4 ",IF(BK67>=2.5," 3 ",IF(BK67>=1.5," 2 ",IF(BK67>=1,"1 ",IF(BK67>=0,"0")))))) -> #DIV/0! | AZ67: =IF(BP67>=4.5, " 5 ", IF(BP67>=3.5," 4 ",IF(BP67>=2.5," 3 ",IF(BP67>=1.5," 2 ",IF(BP67>=1,"1 ",IF(BP67>=0,"0")))))) -> #DIV/0! | BA67: =$K67*$F$12 -> #DIV/0! | BB67: =$Q67*$L$12 -> #DIV/0! | BC67: =$W67*$R$12 -> #DIV/0! | BD67: =$Z67*$X$12 -> 0 | BE67: =BA67+BB67+BC67+BD67 -> #DIV/0! | BF67: =$AH67*$AC$12 -> #DIV/0! | BG67: =$AN67*$AI$12 -> #DIV/0! | BH67: =$AT67*$AO$12 -> #DIV/0! | BI67: =$AW67*$AU$12 -> 0 | BJ67: =(BF67+BG67+BH67+BI67) -> #DIV/0! | BK67: =(BE67+BJ67)/2 -> #DIV/0! | BL67: =(BE67+BJ67)/2 -> #DIV/0! | BM67: =ROUND(BL67,) -> #DIV/0! | BN67: =ROUND(BO68,) -> #DIV/0! | BP67: =(AY67+AY68)/2 -> #DIV/0!
E68: 2 | K68: =AVERAGE(F68:J68) -> #DIV/0! | Q68: =AVERAGE(L68:P68) -> #DIV/0! | W68: =AVERAGE(R68:V68) -> #DIV/0! | Z68: =IF(X68>=85,"5",IF(X68>=65,"4",IF(X68>=55,"3",IF(X68>=40,"2",IF(X68>=1,"1",IF(X68>="","0")))))) -> 0 | AA68: =IF(BE68>=4.5, " 5 ", IF(BE68>=3.5," 4 ",IF(BE68>=2.5," 3 ",IF(BE68>=1.5," 2 ",IF(BE68>=1,"1 ",IF(BE68>=0,"0")))))) -> #DIV/0! | AH68: =AVERAGE(AC68:AG68) -> #DIV/0! | AN68: =AVERAGE(AI68:AM68) -> #DIV/0! | AT68: =AVERAGE(AO68:AS68) -> #DIV/0! | AW68: =IF(AU68>=85,"5",IF(AU68>=65,"4",IF(AU68>=55,"3",IF(AU68>=40,"2",IF(AU68>=1,"1",IF(AU68>="","0")))))) -> 0 | AX68: =IF(BJ68>=4.5, " 5 ", IF(BJ68>=3.5," 4 ",IF(BJ68>=2.5," 3 ",IF(BJ68>=1.5," 2 ",IF(BJ68>=1,"1 ",IF(BJ68>=0,"0")))))) -> #DIV/0! | AY68: =IF(BK68>=4.5, " 5 ", IF(BK68>=3.5," 4 ",IF(BK68>=2.5," 3 ",IF(BK68>=1.5," 2 ",IF(BK68>=1,"1 ",IF(BK68>=0,"0")))))) -> #DIV/0! | BA68: =$K68*$F$12 -> #DIV/0! | BB68: =$Q68*$L$12 -> #DIV/0! | BC68: =$W68*$R$12 -> #DIV/0! | BD68: =$Z68*$X$12 -> 0 | BE68: =BA68+BB68+BC68+BD68 -> #DIV/0! | BF68: =$AH68*$AC$12 -> #DIV/0! | BG68: =$AN68*$AI$12 -> #DIV/0! | BH68: =$AT68*$AO$12 -> #DIV/0! | BI68: =$AW68*$AU$12 -> 0 | BJ68: =(BF68+BG68+BH68+BI68) -> #DIV/0! | BK68: =(BE68+BJ68)/2 -> #DIV/0! | BO68: =(BE68+BJ68)/2 -> #DIV/0!
A69: 29 | E69: 1 | K69: =AVERAGE(F69:J69) -> #DIV/0! | Q69: =AVERAGE(L69:P69) -> #DIV/0! | W69: =AVERAGE(R69:V69) -> #DIV/0! | Z69: =IF(X69>=85,"5",IF(X69>=65,"4",IF(X69>=55,"3",IF(X69>=40,"2",IF(X69>=1,"1",IF(X69>="","0")))))) -> 0 | AA69: =IF(BE69>=4.5, " 5 ", IF(BE69>=3.5," 4 ",IF(BE69>=2.5," 3 ",IF(BE69>=1.5," 2 ",IF(BE69>=1,"1 ",IF(BE69>=0,"0")))))) -> #DIV/0! | AH69: =AVERAGE(AC69:AG69) -> #DIV/0! | AN69: =AVERAGE(AI69:AM69) -> #DIV/0! | AT69: =AVERAGE(AO69:AS69) -> #DIV/0! | AW69: =IF(AU69>=85,"5",IF(AU69>=65,"4",IF(AU69>=55,"3",IF(AU69>=40,"2",IF(AU69>=1,"1",IF(AU69>="","0")))))) -> 0 | AX69: =IF(BJ69>=4.5, " 5 ", IF(BJ69>=3.5," 4 ",IF(BJ69>=2.5," 3 ",IF(BJ69>=1.5," 2 ",IF(BJ69>=1,"1 ",IF(BJ69>=0,"0")))))) -> #DIV/0! | AY69: =IF(BK69>=4.5, " 5 ", IF(BK69>=3.5," 4 ",IF(BK69>=2.5," 3 ",IF(BK69>=1.5," 2 ",IF(BK69>=1,"1 ",IF(BK69>=0,"0")))))) -> #DIV/0! | AZ69: =IF(BP69>=4.5, " 5 ", IF(BP69>=3.5," 4 ",IF(BP69>=2.5," 3 ",IF(BP69>=1.5," 2 ",IF(BP69>=1,"1 ",IF(BP69>=0,"0")))))) -> #DIV/0! | BA69: =$K69*$F$12 -> #DIV/0! | BB69: =$Q69*$L$12 -> #DIV/0! | BC69: =$W69*$R$12 -> #DIV/0! | BD69: =$Z69*$X$12 -> 0 | BE69: =BA69+BB69+BC69+BD69 -> #DIV/0! | BF69: =$AH69*$AC$12 -> #DIV/0! | BG69: =$AN69*$AI$12 -> #DIV/0! | BH69: =$AT69*$AO$12 -> #DIV/0! | BI69: =$AW69*$AU$12 -> 0 | BJ69: =(BF69+BG69+BH69+BI69) -> #DIV/0! | BK69: =(BE69+BJ69)/2 -> #DIV/0! | BL69: =(BE69+BJ69)/2 -> #DIV/0! | BM69: =ROUND(BL69,) -> #DIV/0! | BN69: =ROUND(BO70,) -> #DIV/0! | BP69: =(AY69+AY70)/2 -> #DIV/0!
E70: 2 | K70: =AVERAGE(F70:J70) -> #DIV/0! | Q70: =AVERAGE(L70:P70) -> #DIV/0! | W70: =AVERAGE(R70:V70) -> #DIV/0! | Z70: =IF(X70>=85,"5",IF(X70>=65,"4",IF(X70>=55,"3",IF(X70>=40,"2",IF(X70>=1,"1",IF(X70>="","0")))))) -> 0 | AA70: =IF(BE70>=4.5, " 5 ", IF(BE70>=3.5," 4 ",IF(BE70>=2.5," 3 ",IF(BE70>=1.5," 2 ",IF(BE70>=1,"1 ",IF(BE70>=0,"0")))))) -> #DIV/0! | AH70: =AVERAGE(AC70:AG70) -> #DIV/0! | AN70: =AVERAGE(AI70:AM70) -> #DIV/0! | AT70: =AVERAGE(AO70:AS70) -> #DIV/0! | AW70: =IF(AU70>=85,"5",IF(AU70>=65,"4",IF(AU70>=55,"3",IF(AU70>=40,"2",IF(AU70>=1,"1",IF(AU70>="","0")))))) -> 0 | AX70: =IF(BJ70>=4.5, " 5 ", IF(BJ70>=3.5," 4 ",IF(BJ70>=2.5," 3 ",IF(BJ70>=1.5," 2 ",IF(BJ70>=1,"1 ",IF(BJ70>=0,"0")))))) -> #DIV/0! | AY70: =IF(BK70>=4.5, " 5 ", IF(BK70>=3.5," 4 ",IF(BK70>=2.5," 3 ",IF(BK70>=1.5," 2 ",IF(BK70>=1,"1 ",IF(BK70>=0,"0")))))) -> #DIV/0! | BA70: =$K70*$F$12 -> #DIV/0! | BB70: =$Q70*$L$12 -> #DIV/0! | BC70: =$W70*$R$12 -> #DIV/0! | BD70: =$Z70*$X$12 -> 0 | BE70: =BA70+BB70+BC70+BD70 -> #DIV/0! | BF70: =$AH70*$AC$12 -> #DIV/0! | BG70: =$AN70*$AI$12 -> #DIV/0! | BH70: =$AT70*$AO$12 -> #DIV/0! | BI70: =$AW70*$AU$12 -> 0 | BJ70: =(BF70+BG70+BH70+BI70) -> #DIV/0! | BK70: =(BE70+BJ70)/2 -> #DIV/0! | BO70: =(BE70+BJ70)/2 -> #DIV/0!
A71: 30 | E71: 1 | K71: =AVERAGE(F71:J71) -> #DIV/0! | Q71: =AVERAGE(L71:P71) -> #DIV/0! | W71: =AVERAGE(R71:V71) -> #DIV/0! | Z71: =IF(X71>=85,"5",IF(X71>=65,"4",IF(X71>=55,"3",IF(X71>=40,"2",IF(X71>=1,"1",IF(X71>="","0")))))) -> 0 | AA71: =IF(BE71>=4.5, " 5 ", IF(BE71>=3.5," 4 ",IF(BE71>=2.5," 3 ",IF(BE71>=1.5," 2 ",IF(BE71>=1,"1 ",IF(BE71>=0,"0")))))) -> #DIV/0! | AH71: =AVERAGE(AC71:AG71) -> #DIV/0! | AN71: =AVERAGE(AI71:AM71) -> #DIV/0! | AT71: =AVERAGE(AO71:AS71) -> #DIV/0! | AW71: =IF(AU71>=85,"5",IF(AU71>=65,"4",IF(AU71>=55,"3",IF(AU71>=40,"2",IF(AU71>=1,"1",IF(AU71>="","0")))))) -> 0 | AX71: =IF(BJ71>=4.5, " 5 ", IF(BJ71>=3.5," 4 ",IF(BJ71>=2.5," 3 ",IF(BJ71>=1.5," 2 ",IF(BJ71>=1,"1 ",IF(BJ71>=0,"0")))))) -> #DIV/0! | AY71: =IF(BK71>=4.5, " 5 ", IF(BK71>=3.5," 4 ",IF(BK71>=2.5," 3 ",IF(BK71>=1.5," 2 ",IF(BK71>=1,"1 ",IF(BK71>=0,"0")))))) -> #DIV/0! | AZ71: =IF(BP71>=4.5, " 5 ", IF(BP71>=3.5," 4 ",IF(BP71>=2.5," 3 ",IF(BP71>=1.5," 2 ",IF(BP71>=1,"1 ",IF(BP71>=0,"0")))))) -> #DIV/0! | BA71: =$K71*$F$12 -> #DIV/0! | BB71: =$Q71*$L$12 -> #DIV/0! | BC71: =$W71*$R$12 -> #DIV/0! | BD71: =$Z71*$X$12 -> 0 | BE71: =BA71+BB71+BC71+BD71 -> #DIV/0! | BF71: =$AH71*$AC$12 -> #DIV/0! | BG71: =$AN71*$AI$12 -> #DIV/0! | BH71: =$AT71*$AO$12 -> #DIV/0! | BI71: =$AW71*$AU$12 -> 0 | BJ71: =(BF71+BG71+BH71+BI71) -> #DIV/0! | BK71: =(BE71+BJ71)/2 -> #DIV/0! | BL71: =(BE71+BJ71)/2 -> #DIV/0! | BM71: =ROUND(BL71,) -> #DIV/0! | BN71: =ROUND(BO72,) -> #DIV/0! | BP71: =(AY71+AY72)/2 -> #DIV/0!
E72: 2 | K72: =AVERAGE(F72:J72) -> #DIV/0! | Q72: =AVERAGE(L72:P72) -> #DIV/0! | W72: =AVERAGE(R72:V72) -> #DIV/0! | Z72: =IF(X72>=85,"5",IF(X72>=65,"4",IF(X72>=55,"3",IF(X72>=40,"2",IF(X72>=1,"1",IF(X72>="","0")))))) -> 0 | AA72: =IF(BE72>=4.5, " 5 ", IF(BE72>=3.5," 4 ",IF(BE72>=2.5," 3 ",IF(BE72>=1.5," 2 ",IF(BE72>=1,"1 ",IF(BE72>=0,"0")))))) -> #DIV/0! | AH72: =AVERAGE(AC72:AG72) -> #DIV/0! | AN72: =AVERAGE(AI72:AM72) -> #DIV/0! | AT72: =AVERAGE(AO72:AS72) -> #DIV/0! | AW72: =IF(AU72>=85,"5",IF(AU72>=65,"4",IF(AU72>=55,"3",IF(AU72>=40,"2",IF(AU72>=1,"1",IF(AU72>="","0")))))) -> 0 | AX72: =IF(BJ72>=4.5, " 5 ", IF(BJ72>=3.5," 4 ",IF(BJ72>=2.5," 3 ",IF(BJ72>=1.5," 2 ",IF(BJ72>=1,"1 ",IF(BJ72>=0,"0")))))) -> #DIV/0! | AY72: =IF(BK72>=4.5, " 5 ", IF(BK72>=3.5," 4 ",IF(BK72>=2.5," 3 ",IF(BK72>=1.5," 2 ",IF(BK72>=1,"1 ",IF(BK72>=0,"0")))))) -> #DIV/0! | BA72: =$K72*$F$12 -> #DIV/0! | BB72: =$Q72*$L$12 -> #DIV/0! | BC72: =$W72*$R$12 -> #DIV/0! | BD72: =$Z72*$X$12 -> 0 | BE72: =BA72+BB72+BC72+BD72 -> #DIV/0! | BF72: =$AH72*$AC$12 -> #DIV/0! | BG72: =$AN72*$AI$12 -> #DIV/0! | BH72: =$AT72*$AO$12 -> #DIV/0! | BI72: =$AW72*$AU$12 -> 0 | BJ72: =(BF72+BG72+BH72+BI72) -> #DIV/0! | BK72: =(BE72+BJ72)/2 -> #DIV/0! | BO72: =(BE72+BJ72)/2 -> #DIV/0!

Sheet 6-2
A1: Punoi Naser A. Guri | B1: SHFMU "EMIN DURAKU" KAÇANIK | S1: Gjysmëvjetori | Y1: i parë, | AG1: i dytë, | AR1: Suksesi përfundimtar
D2: Viti shkollor: | I2: 2023/2024 | M2: Klasa: | P2: VI-2 | S2: Suksesi | X2: Nr. | Z2: % | AB2: M | AC2: F | AD2: gjithsej | AG2: Nr. | AI2: % | AK2: M | AM2: F | AO2: gjithsej | AR2: Nr. | AT2: % | AV2: M | AW2: F | AY2: Gjithsej | BE2: NOTA 1 | BJ2: NOTA 2 | BK2: NOTA 1&2 | BL2: GJYSMËVJETORI I | BM2: GJYSMËVJETORI I | BN2: GJYSMËVJETORI II | BO2: GJYSMËVJETORI II | BP2: PËRFUNDIMTARI
S3: shkëlq | X3: =COUNTIF($BM$13:$BM$72,"5") -> 0 | Z3: =X3/$AD$3 -> #DIV/0! | AB3: =COUNTIFS($BM$13:$BM$72,"5",$D$13:$D$72,"M") -> 0 | AC3: =COUNTIFS($BM$13:$BM$72,"5",$D$13:$D$72,"F") -> 0 | AD3: =SUM(X3:Y7) -> 0 | AG3: =COUNTIF($BN$13:$BN$71,"5") -> 0 | AI3: =AG3/$AO$3 -> #DIV/0! | AK3: =COUNTIFS($BN$13:$BN$72,"5",$D$13:$D$72,"M") -> 0 | AM3: =COUNTIFS($BN$13:$BN$72,"5",$D$13:$D$72,"F") -> 0 | AO3: =SUM(AG3:AH7) -> 0 | AR3: =COUNTIF($AZ$13:$AZ$72,"5") -> 0 | AT3: =AR3/$AY$3 -> #DIV/0! | AV3: =COUNTIFS($AZ$13:$AZ$72,"5",$D$13:$D$72,"M") -> 0 | AW3: =COUNTIFS($AZ$13:$AZ$72,"5",$D$13:$D$72,"f") -> 0 | AY3: =SUM(AR3:AS7) -> 0
D4: Fusha kurrikulare | S4: sh.mirë | X4: =COUNTIF($BM$13:$BM$72,"4") -> 0 | Z4: =X4/$AD$3 -> #DIV/0! | AB4: =COUNTIFS($BM$13:$BM$72,"4",$D$13:$D$72,"M") -> 0 | AC4: =COUNTIFS($BM$13:$BM$72,"4",$D$13:$D$72,"F") -> 0 | AD4: Kalojnë | AG4: =COUNTIF($BN$13:$BN$71,"4") -> 0 | AI4: =AG4/$AO$3 -> #DIV/0! | AK4: =COUNTIFS($BN$13:$BN$72,"4",$D$13:$D$72,"M") -> 0 | AM4: =COUNTIFS($BN$13:$BN$72,"4",$D$13:$D$72,"F") -> 0 | AO4: Kalojnë | AR4: =COUNTIF($AZ$13:$AZ$72,"4") -> 0 | AT4: =AR4/$AY$3 -> #DIV/0! | AV4: =COUNTIFS($AZ$13:$AZ$72,"4",$D$13:$D$72,"M") -> 0 | AW4: =COUNTIFS($AZ$13:$AZ$72,"4",$D$13:$D$72,"F") -> 0 | AY4: Kalojnë
D5: Shkencat e natyrës | S5: mirë | X5: =COUNTIF($BM$13:$BM$72,"3") -> 0 | Z5: =X5/$AD$3 -> #DIV/0! | AB5: =COUNTIFS($BM$13:$BM$72,"3",$D$13:$D$72,"M") -> 0 | AC5: =COUNTIFS($BM$13:$BM$72,"3",$D$13:$D$72,"F") -> 0 | AD5: =SUM(X3:Y6) -> 0 | AG5: =COUNTIF($BN$13:$BN$71,"3") -> 0 | AI5: =AG5/$AO$3 -> #DIV/0! | AK5: =COUNTIFS($BN$13:$BN$72,"3",$D$13:$D$72,"M") -> 0 | AM5: =COUNTIFS($BN$13:$BN$72,"3",$D$13:$D$72,"F") -> 0 | AO5: =SUM(AG3:AH6) -> 0 | AR5: =COUNTIF($AZ$13:$AZ$72,"3") -> 0 | AT5: =AR5/$AY$3 -> #DIV/0! | AV5: =COUNTIFS($AZ$13:$AZ$72,"3",$D$13:$D$72,"M") -> 0 | AW5: =COUNTIFS($AZ$13:$AZ$72,"3",$D$13:$D$72,"F") -> 0 | AY5: =SUM(AQ3:AR6) -> 0
A6: Lënda: | D6: Biologji | S6: mjaft | X6: =COUNTIF($BM$13:$BM$72,"2") -> 0 | Z6: =X6/$AD$3 -> #DIV/0! | AB6: =COUNTIFS($BM$13:$BM$72,"2",$D$13:$D$72,"M") -> 0 | AC6: =COUNTIFS($BM$13:$BM$72,"2",$D$13:$D$72,"F") -> 0 | AD6: Mbesin | AG6: =COUNTIF($BN$13:$BN$71,"2") -> 0 | AI6: =AG6/$AO$3 -> #DIV/0! | AK6: =COUNTIFS($BN$13:$BN$72,"2",$D$13:$D$72,"M") -> 0 | AM6: =COUNTIFS($BN$13:$BN$72,"2",$D$13:$D$72,"F") -> 0 | AO6: Mbesin | AR6: =COUNTIF($AZ$13:$AZ$72,"2") -> 0 | AT6: =AR6/$AY$3 -> #DIV/0! | AV6: =COUNTIFS($AZ$13:$AZ$72,"2",$D$13:$D$72,"M") -> 0 | AW6: =COUNTIFS($AZ$13:$AZ$72,"2",$D$13:$D$72,"F") -> 0 | AY6: Mbesin
S7: pamjaft | X7: =COUNTIF($BM$13:$BM$72,"1") -> 0 | Z7: =X7/$AD$3 -> #DIV/0! | AB7: =COUNTIFS($BM$13:$BM$72,"1",$D$13:$D$72,"M") -> 0 | AC7: =COUNTIFS($BM$13:$BM$72,"1",$D$13:$D$72,"F") -> 0 | AD7: =X7 -> 0 | AG7: =COUNTIF($BN$13:$BN$71,"1") -> 0 | AI7: =AG7/$AO$3 -> #DIV/0! | AK7: =COUNTIFS($BN$13:$BN$72,"1",$D$13:$D$72,"M") -> 0 | AM7: =COUNTIFS($BN$13:$BN$72,"1",$D$13:$D$72,"F") -> 0 | AO7: =AG7 -> 0 | AR7: =COUNTIF($AZ$13:$AZ$72,"1") -> 0 | AT7: =AR7/$AY$3 -> #DIV/0! | AV7: =COUNTIFS($AZ$13:$AZ$72,"1",$D$13:$D$72,"M") -> 0 | AW7: =COUNTIFS($AZ$13:$AZ$72,"1",$D$13:$D$72,"F") -> 0 | AY7: =AR7 -> 0
A8: Mësimdhënësi-ja | D8: Naser Guri | S8: Nota mesatare GJ1 | AD8: =AVERAGEIF(BL13:BL72,">=1") -> #DIV/0! | AG8: GJ2 | AO8: =AVERAGEIF(BN13:BN72,">=1") -> #DIV/0! | AR8: Nota përfundimtare | AY8: =AVERAGEIF(BK13:BK72,">=1") -> #DIV/0!
A9: Instrumentet e vlerësimit | D9: Gjinia | E9: Gjysmëvjetori | F9: Angazhim në klasë | K9: Nota | L9: Detyra shtëpie | Q9: Nota | R9: Projekte & prezentime | W9: Nota | X9: Test | Z9: Nota | AA9: Nota 1 | AB9: Përfundim i vlerësimit 1 në anën e majtë dhe fillimi i vlerësimit përmbledhës 2 në anën e djathtë të tbelarit | AC9: Angazhim në klasë | AH9: Nota | AI9: Detyra shtëpie | AN9: Nota | AO9: Projekte & prezentime | AT9: Nota | AU9: Test | AW9: Nota | AX9: Nota 2 | AY9: Nota 1&2 | AZ9: Suksesi Përfundimtar
A11: Nr | B11: EMRAT DHE MBIEMRAT E NXËNËSVE
F12: 0.25 | L12: 0.15 | R12: 0.3 | X12: 0.3 | AA12: =F12+L12+R12+X12 -> 1 | AC12: 0.25 | AI12: 0.15 | AO12: 0.3 | AU12: 0.3 | AX12: =AC12+AI12+AO12+AU12 -> 1
A13: 1 | E13: 1 | K13: =AVERAGE(F13:J13) -> #DIV/0! | Q13: =AVERAGE(L13:P13) -> #DIV/0! | W13: =AVERAGE(R13:V13) -> #DIV/0! | Z13: =IF(X13>=85,"5",IF(X13>=65,"4",IF(X13>=55,"3",IF(X13>=40,"2",IF(X13>=1,"1",IF(X13>="","0")))))) -> 0 | AA13: =IF(BE13>=4.5, " 5 ", IF(BE13>=3.5," 4 ",IF(BE13>=2.5," 3 ",IF(BE13>=1.5," 2 ",IF(BE13>=1,"1 ",IF(BE13>=0,"0")))))) -> #DIV/0! | AH13: =AVERAGE(AC13:AG13) -> #DIV/0! | AN13: =AVERAGE(AI13:AM13) -> #DIV/0! | AT13: =AVERAGE(AO13:AS13) -> #DIV/0! | AW13: =IF(AU13>=85,"5",IF(AU13>=65,"4",IF(AU13>=55,"3",IF(AU13>=40,"2",IF(AU13>=1,"1",IF(AU13>="","0")))))) -> 0 | AX13: =IF(BJ13>=4.5, " 5 ", IF(BJ13>=3.5," 4 ",IF(BJ13>=2.5," 3 ",IF(BJ13>=1.5," 2 ",IF(BJ13>=1,"1 ",IF(BJ13>=0,"0")))))) -> #DIV/0! | AY13: =IF(BK13>=4.5, " 5 ", IF(BK13>=3.5," 4 ",IF(BK13>=2.5," 3 ",IF(BK13>=1.5," 2 ",IF(BK13>=1,"1 ",IF(BK13>=0,"0")))))) -> #DIV/0! | AZ13: =IF(BP13>=4.5, " 5 ", IF(BP13>=3.5," 4 ",IF(BP13>=2.5," 3 ",IF(BP13>=1.5," 2 ",IF(BP13>=1,"1 ",IF(BP13>=0,"0")))))) -> #DIV/0! | BA13: =$K13*$F$12 -> #DIV/0! | BB13: =Q13*L12 -> #DIV/0! | BC13: =$W13*$R$12 -> #DIV/0! | BD13: =$Z13*$X$12 -> 0 | BE13: =BA13+BB13+BC13+BD13 -> #DIV/0! | BF13: =$AH13*$AC$12 -> #DIV/0! | BG13: =$AN13*$AI$12 -> #DIV/0! | BH13: =$AT13*$AO$12 -> #DIV/0! | BI13: =$AW13*$AU$12 -> 0 | BJ13: =(BF13+BG13+BH13+BI13) -> #DIV/0! | BK13: =(BE13+BJ13)/2 -> #DIV/0! | BL13: =(BE13+BJ13)/2 -> #DIV/0! | BM13: =ROUND(BL13,) -> #DIV/0! | BN13: =ROUND(BO14,) -> #DIV/0! | BO13: =(BE13+BJ13)/2 -> #DIV/0! | BP13: =(AY13+AY14)/2 -> #DIV/0!
E14: 2 | K14: =AVERAGE(F14:J14) -> #DIV/0! | Q14: =AVERAGE(L14:P14) -> #DIV/0! | W14: =AVERAGE(R14:V14) -> #DIV/0! | Z14: =IF(X14>=85,"5",IF(X14>=65,"4",IF(X14>=55,"3",IF(X14>=40,"2",IF(X14>=1,"1",IF(X14>="","0")))))) -> 0 | AA14: =IF(BE14>=4.5, " 5 ", IF(BE14>=3.5," 4 ",IF(BE14>=2.5," 3 ",IF(BE14>=1.5," 2 ",IF(BE14>=1,"1 ",IF(BE14>=0,"0")))))) -> #DIV/0! | AH14: =AVERAGE(AC14:AG14) -> #DIV/0! | AN14: =AVERAGE(AI14:AM14) -> #DIV/0! | AT14: =AVERAGE(AO14:AS14) -> #DIV/0! | AW14: =IF(AU14>=85,"5",IF(AU14>=65,"4",IF(AU14>=55,"3",IF(AU14>=40,"2",IF(AU14>=1,"1",IF(AU14>="","0")))))) -> 0 | AX14: =IF(BJ14>=4.5, " 5 ", IF(BJ14>=3.5," 4 ",IF(BJ14>=2.5," 3 ",IF(BJ14>=1.5," 2 ",IF(BJ14>=1,"1 ",IF(BJ14>=0,"0")))))) -> #DIV/0! | AY14: =IF(BK14>=4.5, " 5 ", IF(BK14>=3.5," 4 ",IF(BK14>=2.5," 3 ",IF(BK14>=1.5," 2 ",IF(BK14>=1,"1 ",IF(BK14>=0,"0")))))) -> #DIV/0! | BA14: =$K14*$F$12 -> #DIV/0! | BB14: =$Q14*$L$12 -> #DIV/0! | BC14: =$W14*$R$12 -> #DIV/0! | BD14: =$Z14*$X$12 -> 0 | BE14: =BA14+BB14+BC14+BD14 -> #DIV/0! | BF14: =$AH14*$AC$12 -> #DIV/0! | BG14: =$AN14*$AI$12 -> #DIV/0! | BH14: =$AT14*$AO$12 -> #DIV/0! | BI14: =$AW14*$AU$12 -> 0 | BJ14: =(BF14+BG14+BH14+BI14) -> #DIV/0! | BK14: =(BE14+BJ14)/2 -> #DIV/0! | BO14: =(BE14+BJ14)/2 -> #DIV/0!
A15: 2 | E15: 1 | K15: =AVERAGE(F15:J15) -> #DIV/0! | Q15: =AVERAGE(L15:P15) -> #DIV/0! | W15: =AVERAGE(R15:V15) -> #DIV/0! | Z15: =IF(X15>=85,"5",IF(X15>=65,"4",IF(X15>=55,"3",IF(X15>=40,"2",IF(X15>=1,"1",IF(X15>="","0")))))) -> 0 | AA15: =IF(BE15>=4.5, " 5 ", IF(BE15>=3.5," 4 ",IF(BE15>=2.5," 3 ",IF(BE15>=1.5," 2 ",IF(BE15>=1,"1 ",IF(BE15>=0,"0")))))) -> #DIV/0! | AH15: =AVERAGE(AC15:AG15) -> #DIV/0! | AN15: =AVERAGE(AI15:AM15) -> #DIV/0! | AT15: =AVERAGE(AO15:AS15) -> #DIV/0! | AW15: =IF(AU15>=85,"5",IF(AU15>=65,"4",IF(AU15>=55,"3",IF(AU15>=40,"2",IF(AU15>=1,"1",IF(AU15>="","0")))))) -> 0 | AX15: =IF(BJ15>=4.5, " 5 ", IF(BJ15>=3.5," 4 ",IF(BJ15>=2.5," 3 ",IF(BJ15>=1.5," 2 ",IF(BJ15>=1,"1 ",IF(BJ15>=0,"0")))))) -> #DIV/0! | AY15: =IF(BK15>=4.5, " 5 ", IF(BK15>=3.5," 4 ",IF(BK15>=2.5," 3 ",IF(BK15>=1.5," 2 ",IF(BK15>=1,"1 ",IF(BK15>=0,"0")))))) -> #DIV/0! | AZ15: =IF(BP15>=4.5, " 5 ", IF(BP15>=3.5," 4 ",IF(BP15>=2.5," 3 ",IF(BP15>=1.5," 2 ",IF(BP15>=1,"1 ",IF(BP15>=0,"0")))))) -> #DIV/0! | BA15: =$K15*$F$12 -> #DIV/0! | BB15: =$Q15*$L$12 -> #DIV/0! | BC15: =$W15*$R$12 -> #DIV/0! | BD15: =$Z15*$X$12 -> 0 | BE15: =BA15+BB15+BC15+BD15 -> #DIV/0! | BF15: =$AH15*$AC$12 -> #DIV/0! | BG15: =$AN15*$AI$12 -> #DIV/0! | BH15: =$AT15*$AO$12 -> #DIV/0! | BI15: =$AW15*$AU$12 -> 0 | BJ15: =(BF15+BG15+BH15+BI15) -> #DIV/0! | BK15: =(BE15+BJ15)/2 -> #DIV/0! | BL15: =(BE15+BJ15)/2 -> #DIV/0! | BM15: =ROUND(BL15,) -> #DIV/0! | BN15: =ROUND(BO16,) -> #DIV/0! | BO15: =(BE15+BJ15)/2 -> #DIV/0! | BP15: =(AY15+AY16)/2 -> #DIV/0!
E16: 2 | K16: =AVERAGE(F16:J16) -> #DIV/0! | Q16: =AVERAGE(L16:P16) -> #DIV/0! | W16: =AVERAGE(R16:V16) -> #DIV/0! | Z16: =IF(X16>=85,"5",IF(X16>=65,"4",IF(X16>=55,"3",IF(X16>=40,"2",IF(X16>=1,"1",IF(X16>="","0")))))) -> 0 | AA16: =IF(BE16>=4.5, " 5 ", IF(BE16>=3.5," 4 ",IF(BE16>=2.5," 3 ",IF(BE16>=1.5," 2 ",IF(BE16>=1,"1 ",IF(BE16>=0,"0")))))) -> #DIV/0! | AH16: =AVERAGE(AC16:AG16) -> #DIV/0! | AN16: =AVERAGE(AI16:AM16) -> #DIV/0! | AT16: =AVERAGE(AO16:AS16) -> #DIV/0! | AW16: =IF(AU16>=85,"5",IF(AU16>=65,"4",IF(AU16>=55,"3",IF(AU16>=40,"2",IF(AU16>=1,"1",IF(AU16>="","0")))))) -> 0 | AX16: =IF(BJ16>=4.5, " 5 ", IF(BJ16>=3.5," 4 ",IF(BJ16>=2.5," 3 ",IF(BJ16>=1.5," 2 ",IF(BJ16>=1,"1 ",IF(BJ16>=0,"0")))))) -> #DIV/0! | AY16: =IF(BK16>=4.5, " 5 ", IF(BK16>=3.5," 4 ",IF(BK16>=2.5," 3 ",IF(BK16>=1.5," 2 ",IF(BK16>=1,"1 ",IF(BK16>=0,"0")))))) -> #DIV/0! | BA16: =$K16*$F$12 -> #DIV/0! | BB16: =$Q16*$L$12 -> #DIV/0! | BC16: =$W16*$R$12 -> #DIV/0! | BD16: =$Z16*$X$12 -> 0 | BE16: =BA16+BB16+BC16+BD16 -> #DIV/0! | BF16: =$AH16*$AC$12 -> #DIV/0! | BG16: =$AN16*$AI$12 -> #DIV/0! | BH16: =$AT16*$AO$12 -> #DIV/0! | BI16: =$AW16*$AU$12 -> 0 | BJ16: =(BF16+BG16+BH16+BI16) -> #DIV/0! | BK16: =(BE16+BJ16)/2 -> #DIV/0! | BO16: =(BE16+BJ16)/2 -> #DIV/0!
A17: 3 | E17: 1 | K17: =AVERAGE(F17:J17) -> #DIV/0! | Q17: =AVERAGE(L17:P17) -> #DIV/0! | W17: =AVERAGE(R17:V17) -> #DIV/0! | Z17: =IF(X17>=85,"5",IF(X17>=65,"4",IF(X17>=55,"3",IF(X17>=40,"2",IF(X17>=1,"1",IF(X17>="","0")))))) -> 0 | AA17: =IF(BE17>=4.5, " 5 ", IF(BE17>=3.5," 4 ",IF(BE17>=2.5," 3 ",IF(BE17>=1.5," 2 ",IF(BE17>=1,"1 ",IF(BE17>=0,"0")))))) -> #DIV/0! | AH17: =AVERAGE(AC17:AG17) -> #DIV/0! | AN17: =AVERAGE(AI17:AM17) -> #DIV/0! | AT17: =AVERAGE(AO17:AS17) -> #DIV/0! | AW17: =IF(AU17>=85,"5",IF(AU17>=65,"4",IF(AU17>=55,"3",IF(AU17>=40,"2",IF(AU17>=1,"1",IF(AU17>="","0")))))) -> 0 | AX17: =IF(BJ17>=4.5, " 5 ", IF(BJ17>=3.5," 4 ",IF(BJ17>=2.5," 3 ",IF(BJ17>=1.5," 2 ",IF(BJ17>=1,"1 ",IF(BJ17>=0,"0")))))) -> #DIV/0! | AY17: =IF(BK17>=4.5, " 5 ", IF(BK17>=3.5," 4 ",IF(BK17>=2.5," 3 ",IF(BK17>=1.5," 2 ",IF(BK17>=1,"1 ",IF(BK17>=0,"0")))))) -> #DIV/0! | AZ17: =IF(BP17>=4.5, " 5 ", IF(BP17>=3.5," 4 ",IF(BP17>=2.5," 3 ",IF(BP17>=1.5," 2 ",IF(BP17>=1,"1 ",IF(BP17>=0,"0")))))) -> #DIV/0! | BA17: =$K17*$F$12 -> #DIV/0! | BB17: =$Q17*$L$12 -> #DIV/0! | BC17: =$W17*$R$12 -> #DIV/0! | BD17: =$Z17*$X$12 -> 0 | BE17: =BA17+BB17+BC17+BD17 -> #DIV/0! | BF17: =$AH17*$AC$12 -> #DIV/0! | BG17: =$AN17*$AI$12 -> #DIV/0! | BH17: =$AT17*$AO$12 -> #DIV/0! | BI17: =$AW17*$AU$12 -> 0 | BJ17: =(BF17+BG17+BH17+BI17) -> #DIV/0! | BK17: =(BE17+BJ17)/2 -> #DIV/0! | BL17: =(BE17+BJ17)/2 -> #DIV/0! | BM17: =ROUND(BL17,) -> #DIV/0! | BN17: =ROUND(BO18,) -> #DIV/0! | BO17: =(BE17+BJ17)/2 -> #DIV/0! | BP17: =(AY17+AY18)/2 -> #DIV/0!
E18: 2 | K18: =AVERAGE(F18:J18) -> #DIV/0! | Q18: =AVERAGE(L18:P18) -> #DIV/0! | W18: =AVERAGE(R18:V18) -> #DIV/0! | Z18: =IF(X18>=85,"5",IF(X18>=65,"4",IF(X18>=55,"3",IF(X18>=40,"2",IF(X18>=1,"1",IF(X18>="","0")))))) -> 0 | AA18: =IF(BE18>=4.5, " 5 ", IF(BE18>=3.5," 4 ",IF(BE18>=2.5," 3 ",IF(BE18>=1.5," 2 ",IF(BE18>=1,"1 ",IF(BE18>=0,"0")))))) -> #DIV/0! | AH18: =AVERAGE(AC18:AG18) -> #DIV/0! | AN18: =AVERAGE(AI18:AM18) -> #DIV/0! | AT18: =AVERAGE(AO18:AS18) -> #DIV/0! | AW18: =IF(AU18>=85,"5",IF(AU18>=65,"4",IF(AU18>=55,"3",IF(AU18>=40,"2",IF(AU18>=1,"1",IF(AU18>="","0")))))) -> 0 | AX18: =IF(BJ18>=4.5, " 5 ", IF(BJ18>=3.5," 4 ",IF(BJ18>=2.5," 3 ",IF(BJ18>=1.5," 2 ",IF(BJ18>=1,"1 ",IF(BJ18>=0,"0")))))) -> #DIV/0! | AY18: =IF(BK18>=4.5, " 5 ", IF(BK18>=3.5," 4 ",IF(BK18>=2.5," 3 ",IF(BK18>=1.5," 2 ",IF(BK18>=1,"1 ",IF(BK18>=0,"0")))))) -> #DIV/0! | BA18: =$K18*$F$12 -> #DIV/0! | BB18: =$Q18*$L$12 -> #DIV/0! | BC18: =$W18*$R$12 -> #DIV/0! | BD18: =$Z18*$X$12 -> 0 | BE18: =BA18+BB18+BC18+BD18 -> #DIV/0! | BF18: =$AH18*$AC$12 -> #DIV/0! | BG18: =$AN18*$AI$12 -> #DIV/0! | BH18: =$AT18*$AO$12 -> #DIV/0! | BI18: =$AW18*$AU$12 -> 0 | BJ18: =(BF18+BG18+BH18+BI18) -> #DIV/0! | BK18: =(BE18+BJ18)/2 -> #DIV/0! | BO18: =(BE18+BJ18)/2 -> #DIV/0!
A19: 4 | E19: 1 | K19: =AVERAGE(F19:J19) -> #DIV/0! | Q19: =AVERAGE(L19:P19) -> #DIV/0! | W19: =AVERAGE(R19:V19) -> #DIV/0! | Z19: =IF(X19>=85,"5",IF(X19>=65,"4",IF(X19>=55,"3",IF(X19>=40,"2",IF(X19>=1,"1",IF(X19>="","0")))))) -> 0 | AA19: =IF(BE19>=4.5, " 5 ", IF(BE19>=3.5," 4 ",IF(BE19>=2.5," 3 ",IF(BE19>=1.5," 2 ",IF(BE19>=1,"1 ",IF(BE19>=0,"0")))))) -> #DIV/0! | AH19: =AVERAGE(AC19:AG19) -> #DIV/0! | AN19: =AVERAGE(AI19:AM19) -> #DIV/0! | AT19: =AVERAGE(AO19:AS19) -> #DIV/0! | AW19: =IF(AU19>=85,"5",IF(AU19>=65,"4",IF(AU19>=55,"3",IF(AU19>=40,"2",IF(AU19>=1,"1",IF(AU19>="","0")))))) -> 0 | AX19: =IF(BJ19>=4.5, " 5 ", IF(BJ19>=3.5," 4 ",IF(BJ19>=2.5," 3 ",IF(BJ19>=1.5," 2 ",IF(BJ19>=1,"1 ",IF(BJ19>=0,"0")))))) -> #DIV/0! | AY19: =IF(BK19>=4.5, " 5 ", IF(BK19>=3.5," 4 ",IF(BK19>=2.5," 3 ",IF(BK19>=1.5," 2 ",IF(BK19>=1,"1 ",IF(BK19>=0,"0")))))) -> #DIV/0! | AZ19: =IF(BP19>=4.5, " 5 ", IF(BP19>=3.5," 4 ",IF(BP19>=2.5," 3 ",IF(BP19>=1.5," 2 ",IF(BP19>=1,"1 ",IF(BP19>=0,"0")))))) -> #DIV/0! | BA19: =$K19*$F$12 -> #DIV/0! | BB19: =$Q19*$L$12 -> #DIV/0! | BC19: =$W19*$R$12 -> #DIV/0! | BD19: =$Z19*$X$12 -> 0 | BE19: =BA19+BB19+BC19+BD19 -> #DIV/0! | BF19: =$AH19*$AC$12 -> #DIV/0! | BG19: =$AN19*$AI$12 -> #DIV/0! | BH19: =$AT19*$AO$12 -> #DIV/0! | BI19: =$AW19*$AU$12 -> 0 | BJ19: =(BF19+BG19+BH19+BI19) -> #DIV/0! | BK19: =(BE19+BJ19)/2 -> #DIV/0! | BL19: =(BE19+BJ19)/2 -> #DIV/0! | BM19: =ROUND(BL19,) -> #DIV/0! | BN19: =ROUND(BO20,) -> #DIV/0! | BO19: =(BE19+BJ19)/2 -> #DIV/0! | BP19: =(AY19+AY20)/2 -> #DIV/0!
E20: 2 | K20: =AVERAGE(F20:J20) -> #DIV/0! | Q20: =AVERAGE(L20:P20) -> #DIV/0! | W20: =AVERAGE(R20:V20) -> #DIV/0! | Z20: =IF(X20>=85,"5",IF(X20>=65,"4",IF(X20>=55,"3",IF(X20>=40,"2",IF(X20>=1,"1",IF(X20>="","0")))))) -> 0 | AA20: =IF(BE20>=4.5, " 5 ", IF(BE20>=3.5," 4 ",IF(BE20>=2.5," 3 ",IF(BE20>=1.5," 2 ",IF(BE20>=1,"1 ",IF(BE20>=0,"0")))))) -> #DIV/0! | AH20: =AVERAGE(AC20:AG20) -> #DIV/0! | AN20: =AVERAGE(AI20:AM20) -> #DIV/0! | AT20: =AVERAGE(AO20:AS20) -> #DIV/0! | AW20: =IF(AU20>=85,"5",IF(AU20>=65,"4",IF(AU20>=55,"3",IF(AU20>=40,"2",IF(AU20>=1,"1",IF(AU20>="","0")))))) -> 0 | AX20: =IF(BJ20>=4.5, " 5 ", IF(BJ20>=3.5," 4 ",IF(BJ20>=2.5," 3 ",IF(BJ20>=1.5," 2 ",IF(BJ20>=1,"1 ",IF(BJ20>=0,"0")))))) -> #DIV/0! | AY20: =IF(BK20>=4.5, " 5 ", IF(BK20>=3.5," 4 ",IF(BK20>=2.5," 3 ",IF(BK20>=1.5," 2 ",IF(BK20>=1,"1 ",IF(BK20>=0,"0")))))) -> #DIV/0! | BA20: =$K20*$F$12 -> #DIV/0! | BB20: =$Q20*$L$12 -> #DIV/0! | BC20: =$W20*$R$12 -> #DIV/0! | BD20: =$Z20*$X$12 -> 0 | BE20: =BA20+BB20+BC20+BD20 -> #DIV/0! | BF20: =$AH20*$AC$12 -> #DIV/0! | BG20: =$AN20*$AI$12 -> #DIV/0! | BH20: =$AT20*$AO$12 -> #DIV/0! | BI20: =$AW20*$AU$12 -> 0 | BJ20: =(BF20+BG20+BH20+BI20) -> #DIV/0! | BK20: =(BE20+BJ20)/2 -> #DIV/0! | BO20: =(BE20+BJ20)/2 -> #DIV/0!
A21: 5 | E21: 1 | K21: =AVERAGE(F21:J21) -> #DIV/0! | Q21: =AVERAGE(L21:P21) -> #DIV/0! | W21: =AVERAGE(R21:V21) -> #DIV/0! | Z21: =IF(X21>=85,"5",IF(X21>=65,"4",IF(X21>=55,"3",IF(X21>=40,"2",IF(X21>=1,"1",IF(X21>="","0")))))) -> 0 | AA21: =IF(BE21>=4.5, " 5 ", IF(BE21>=3.5," 4 ",IF(BE21>=2.5," 3 ",IF(BE21>=1.5," 2 ",IF(BE21>=1,"1 ",IF(BE21>=0,"0")))))) -> #DIV/0! | AH21: =AVERAGE(AC21:AG21) -> #DIV/0! | AN21: =AVERAGE(AI21:AM21) -> #DIV/0! | AT21: =AVERAGE(AO21:AS21) -> #DIV/0! | AW21: =IF(AU21>=85,"5",IF(AU21>=65,"4",IF(AU21>=55,"3",IF(AU21>=40,"2",IF(AU21>=1,"1",IF(AU21>="","0")))))) -> 0 | AX21: =IF(BJ21>=4.5, " 5 ", IF(BJ21>=3.5," 4 ",IF(BJ21>=2.5," 3 ",IF(BJ21>=1.5," 2 ",IF(BJ21>=1,"1 ",IF(BJ21>=0,"0")))))) -> #DIV/0! | AY21: =IF(BK21>=4.5, " 5 ", IF(BK21>=3.5," 4 ",IF(BK21>=2.5," 3 ",IF(BK21>=1.5," 2 ",IF(BK21>=1,"1 ",IF(BK21>=0,"0")))))) -> #DIV/0! | AZ21: =IF(BP21>=4.5, " 5 ", IF(BP21>=3.5," 4 ",IF(BP21>=2.5," 3 ",IF(BP21>=1.5," 2 ",IF(BP21>=1,"1 ",IF(BP21>=0,"0")))))) -> #DIV/0! | BA21: =$K21*$F$12 -> #DIV/0! | BB21: =$Q21*$L$12 -> #DIV/0! | BC21: =$W21*$R$12 -> #DIV/0! | BD21: =$Z21*$X$12 -> 0 | BE21: =BA21+BB21+BC21+BD21 -> #DIV/0! | BF21: =$AH21*$AC$12 -> #DIV/0! | BG21: =$AN21*$AI$12 -> #DIV/0! | BH21: =$AT21*$AO$12 -> #DIV/0! | BI21: =$AW21*$AU$12 -> 0 | BJ21: =(BF21+BG21+BH21+BI21) -> #DIV/0! | BK21: =(BE21+BJ21)/2 -> #DIV/0! | BL21: =(BE21+BJ21)/2 -> #DIV/0! | BM21: =ROUND(BL21,) -> #DIV/0! | BN21: =ROUND(BO22,) -> #DIV/0! | BO21: =(BE21+BJ21)/2 -> #DIV/0! | BP21: =(AY21+AY22)/2 -> #DIV/0!
E22: 2 | K22: =AVERAGE(F22:J22) -> #DIV/0! | Q22: =AVERAGE(L22:P22) -> #DIV/0! | W22: =AVERAGE(R22:V22) -> #DIV/0! | Z22: =IF(X22>=85,"5",IF(X22>=65,"4",IF(X22>=55,"3",IF(X22>=40,"2",IF(X22>=1,"1",IF(X22>="","0")))))) -> 0 | AA22: =IF(BE22>=4.5, " 5 ", IF(BE22>=3.5," 4 ",IF(BE22>=2.5," 3 ",IF(BE22>=1.5," 2 ",IF(BE22>=1,"1 ",IF(BE22>=0,"0")))))) -> #DIV/0! | AH22: =AVERAGE(AC22:AG22) -> #DIV/0! | AN22: =AVERAGE(AI22:AM22) -> #DIV/0! | AT22: =AVERAGE(AO22:AS22) -> #DIV/0! | AW22: =IF(AU22>=85,"5",IF(AU22>=65,"4",IF(AU22>=55,"3",IF(AU22>=40,"2",IF(AU22>=1,"1",IF(AU22>="","0")))))) -> 0 | AX22: =IF(BJ22>=4.5, " 5 ", IF(BJ22>=3.5," 4 ",IF(BJ22>=2.5," 3 ",IF(BJ22>=1.5," 2 ",IF(BJ22>=1,"1 ",IF(BJ22>=0,"0")))))) -> #DIV/0! | AY22: =IF(BK22>=4.5, " 5 ", IF(BK22>=3.5," 4 ",IF(BK22>=2.5," 3 ",IF(BK22>=1.5," 2 ",IF(BK22>=1,"1 ",IF(BK22>=0,"0")))))) -> #DIV/0! | BA22: =$K22*$F$12 -> #DIV/0! | BB22: =$Q22*$L$12 -> #DIV/0! | BC22: =$W22*$R$12 -> #DIV/0! | BD22: =$Z22*$X$12 -> 0 | BE22: =BA22+BB22+BC22+BD22 -> #DIV/0! | BF22: =$AH22*$AC$12 -> #DIV/0! | BG22: =$AN22*$AI$12 -> #DIV/0! | BH22: =$AT22*$AO$12 -> #DIV/0! | BI22: =$AW22*$AU$12 -> 0 | BJ22: =(BF22+BG22+BH22+BI22) -> #DIV/0! | BK22: =(BE22+BJ22)/2 -> #DIV/0! | BO22: =(BE22+BJ22)/2 -> #DIV/0!
A23: 6 | E23: 1 | K23: =AVERAGE(F23:J23) -> #DIV/0! | Q23: =AVERAGE(L23:P23) -> #DIV/0! | W23: =AVERAGE(R23:V23) -> #DIV/0! | Z23: =IF(X23>=85,"5",IF(X23>=65,"4",IF(X23>=55,"3",IF(X23>=40,"2",IF(X23>=1,"1",IF(X23>="","0")))))) -> 0 | AA23: =IF(BE23>=4.5, " 5 ", IF(BE23>=3.5," 4 ",IF(BE23>=2.5," 3 ",IF(BE23>=1.5," 2 ",IF(BE23>=1,"1 ",IF(BE23>=0,"0")))))) -> #DIV/0! | AH23: =AVERAGE(AC23:AG23) -> #DIV/0! | AN23: =AVERAGE(AI23:AM23) -> #DIV/0! | AT23: =AVERAGE(AO23:AS23) -> #DIV/0! | AW23: =IF(AU23>=85,"5",IF(AU23>=65,"4",IF(AU23>=55,"3",IF(AU23>=40,"2",IF(AU23>=1,"1",IF(AU23>="","0")))))) -> 0 | AX23: =IF(BJ23>=4.5, " 5 ", IF(BJ23>=3.5," 4 ",IF(BJ23>=2.5," 3 ",IF(BJ23>=1.5," 2 ",IF(BJ23>=1,"1 ",IF(BJ23>=0,"0")))))) -> #DIV/0! | AY23: =IF(BK23>=4.5, " 5 ", IF(BK23>=3.5," 4 ",IF(BK23>=2.5," 3 ",IF(BK23>=1.5," 2 ",IF(BK23>=1,"1 ",IF(BK23>=0,"0")))))) -> #DIV/0! | AZ23: =IF(BP23>=4.5, " 5 ", IF(BP23>=3.5," 4 ",IF(BP23>=2.5," 3 ",IF(BP23>=1.5," 2 ",IF(BP23>=1,"1 ",IF(BP23>=0,"0")))))) -> #DIV/0! | BA23: =$K23*$F$12 -> #DIV/0! | BB23: =$Q23*$L$12 -> #DIV/0! | BC23: =$W23*$R$12 -> #DIV/0! | BD23: =$Z23*$X$12 -> 0 | BE23: =BA23+BB23+BC23+BD23 -> #DIV/0! | BF23: =$AH23*$AC$12 -> #DIV/0! | BG23: =$AN23*$AI$12 -> #DIV/0! | BH23: =$AT23*$AO$12 -> #DIV/0! | BI23: =$AW23*$AU$12 -> 0 | BJ23: =(BF23+BG23+BH23+BI23) -> #DIV/0! | BK23: =(BE23+BJ23)/2 -> #DIV/0! | BL23: =(BE23+BJ23)/2 -> #DIV/0! | BM23: =ROUND(BL23,) -> #DIV/0! | BN23: =ROUND(BO24,) -> #DIV/0! | BO23: =(BE23+BJ23)/2 -> #DIV/0! | BP23: =(AY23+AY24)/2 -> #DIV/0!
E24: 2 | K24: =AVERAGE(F24:J24) -> #DIV/0! | Q24: =AVERAGE(L24:P24) -> #DIV/0! | W24: =AVERAGE(R24:V24) -> #DIV/0! | Z24: =IF(X24>=85,"5",IF(X24>=65,"4",IF(X24>=55,"3",IF(X24>=40,"2",IF(X24>=1,"1",IF(X24>="","0")))))) -> 0 | AA24: =IF(BE24>=4.5, " 5 ", IF(BE24>=3.5," 4 ",IF(BE24>=2.5," 3 ",IF(BE24>=1.5," 2 ",IF(BE24>=1,"1 ",IF(BE24>=0,"0")))))) -> #DIV/0! | AH24: =AVERAGE(AC24:AG24) -> #DIV/0! | AN24: =AVERAGE(AI24:AM24) -> #DIV/0! | AT24: =AVERAGE(AO24:AS24) -> #DIV/0! | AW24: =IF(AU24>=85,"5",IF(AU24>=65,"4",IF(AU24>=55,"3",IF(AU24>=40,"2",IF(AU24>=1,"1",IF(AU24>="","0")))))) -> 0 | AX24: =IF(BJ24>=4.5, " 5 ", IF(BJ24>=3.5," 4 ",IF(BJ24>=2.5," 3 ",IF(BJ24>=1.5," 2 ",IF(BJ24>=1,"1 ",IF(BJ24>=0,"0")))))) -> #DIV/0! | AY24: =IF(BK24>=4.5, " 5 ", IF(BK24>=3.5," 4 ",IF(BK24>=2.5," 3 ",IF(BK24>=1.5," 2 ",IF(BK24>=1,"1 ",IF(BK24>=0,"0")))))) -> #DIV/0! | BA24: =$K24*$F$12 -> #DIV/0! | BB24: =$Q24*$L$12 -> #DIV/0! | BC24: =$W24*$R$12 -> #DIV/0! | BD24: =$Z24*$X$12 -> 0 | BE24: =BA24+BB24+BC24+BD24 -> #DIV/0! | BF24: =$AH24*$AC$12 -> #DIV/0! | BG24: =$AN24*$AI$12 -> #DIV/0! | BH24: =$AT24*$AO$12 -> #DIV/0! | BI24: =$AW24*$AU$12 -> 0 | BJ24: =(BF24+BG24+BH24+BI24) -> #DIV/0! | BK24: =(BE24+BJ24)/2 -> #DIV/0! | BO24: =(BE24+BJ24)/2 -> #DIV/0!
A25: 7 | E25: 1 | K25: =AVERAGE(F25:J25) -> #DIV/0! | Q25: =AVERAGE(L25:P25) -> #DIV/0! | W25: =AVERAGE(R25:V25) -> #DIV/0! | Z25: =IF(X25>=85,"5",IF(X25>=65,"4",IF(X25>=55,"3",IF(X25>=40,"2",IF(X25>=1,"1",IF(X25>="","0")))))) -> 0 | AA25: =IF(BE25>=4.5, " 5 ", IF(BE25>=3.5," 4 ",IF(BE25>=2.5," 3 ",IF(BE25>=1.5," 2 ",IF(BE25>=1,"1 ",IF(BE25>=0,"0")))))) -> #DIV/0! | AH25: =AVERAGE(AC25:AG25) -> #DIV/0! | AN25: =AVERAGE(AI25:AM25) -> #DIV/0! | AT25: =AVERAGE(AO25:AS25) -> #DIV/0! | AW25: =IF(AU25>=85,"5",IF(AU25>=65,"4",IF(AU25>=55,"3",IF(AU25>=40,"2",IF(AU25>=1,"1",IF(AU25>="","0")))))) -> 0 | AX25: =IF(BJ25>=4.5, " 5 ", IF(BJ25>=3.5," 4 ",IF(BJ25>=2.5," 3 ",IF(BJ25>=1.5," 2 ",IF(BJ25>=1,"1 ",IF(BJ25>=0,"0")))))) -> #DIV/0! | AY25: =IF(BK25>=4.5, " 5 ", IF(BK25>=3.5," 4 ",IF(BK25>=2.5," 3 ",IF(BK25>=1.5," 2 ",IF(BK25>=1,"1 ",IF(BK25>=0,"0")))))) -> #DIV/0! | AZ25: =IF(BP25>=4.5, " 5 ", IF(BP25>=3.5," 4 ",IF(BP25>=2.5," 3 ",IF(BP25>=1.5," 2 ",IF(BP25>=1,"1 ",IF(BP25>=0,"0")))))) -> #DIV/0! | BA25: =$K25*$F$12 -> #DIV/0! | BB25: =$Q25*$L$12 -> #DIV/0! | BC25: =$W25*$R$12 -> #DIV/0! | BD25: =$Z25*$X$12 -> 0 | BE25: =BA25+BB25+BC25+BD25 -> #DIV/0! | BF25: =$AH25*$AC$12 -> #DIV/0! | BG25: =$AN25*$AI$12 -> #DIV/0! | BH25: =$AT25*$AO$12 -> #DIV/0! | BI25: =$AW25*$AU$12 -> 0 | BJ25: =(BF25+BG25+BH25+BI25) -> #DIV/0! | BK25: =(BE25+BJ25)/2 -> #DIV/0! | BL25: =(BE25+BJ25)/2 -> #DIV/0! | BM25: =ROUND(BL25,) -> #DIV/0! | BN25: =ROUND(BO26,) -> #DIV/0! | BO25: =(BE25+BJ25)/2 -> #DIV/0! | BP25: =(AY25+AY26)/2 -> #DIV/0!
E26: 2 | K26: =AVERAGE(F26:J26) -> #DIV/0! | Q26: =AVERAGE(L26:P26) -> #DIV/0! | W26: =AVERAGE(R26:V26) -> #DIV/0! | Z26: =IF(X26>=85,"5",IF(X26>=65,"4",IF(X26>=55,"3",IF(X26>=40,"2",IF(X26>=1,"1",IF(X26>="","0")))))) -> 0 | AA26: =IF(BE26>=4.5, " 5 ", IF(BE26>=3.5," 4 ",IF(BE26>=2.5," 3 ",IF(BE26>=1.5," 2 ",IF(BE26>=1,"1 ",IF(BE26>=0,"0")))))) -> #DIV/0! | AH26: =AVERAGE(AC26:AG26) -> #DIV/0! | AN26: =AVERAGE(AI26:AM26) -> #DIV/0! | AT26: =AVERAGE(AO26:AS26) -> #DIV/0! | AW26: =IF(AU26>=85,"5",IF(AU26>=65,"4",IF(AU26>=55,"3",IF(AU26>=40,"2",IF(AU26>=1,"1",IF(AU26>="","0")))))) -> 0 | AX26: =IF(BJ26>=4.5, " 5 ", IF(BJ26>=3.5," 4 ",IF(BJ26>=2.5," 3 ",IF(BJ26>=1.5," 2 ",IF(BJ26>=1,"1 ",IF(BJ26>=0,"0")))))) -> #DIV/0! | AY26: =IF(BK26>=4.5, " 5 ", IF(BK26>=3.5," 4 ",IF(BK26>=2.5," 3 ",IF(BK26>=1.5," 2 ",IF(BK26>=1,"1 ",IF(BK26>=0,"0")))))) -> #DIV/0! | BA26: =$K26*$F$12 -> #DIV/0! | BB26: =$Q26*$L$12 -> #DIV/0! | BC26: =$W26*$R$12 -> #DIV/0! | BD26: =$Z26*$X$12 -> 0 | BE26: =BA26+BB26+BC26+BD26 -> #DIV/0! | BF26: =$AH26*$AC$12 -> #DIV/0! | BG26: =$AN26*$AI$12 -> #DIV/0! | BH26: =$AT26*$AO$12 -> #DIV/0! | BI26: =$AW26*$AU$12 -> 0 | BJ26: =(BF26+BG26+BH26+BI26) -> #DIV/0! | BK26: =(BE26+BJ26)/2 -> #DIV/0! | BO26: =(BE26+BJ26)/2 -> #DIV/0!
A27: 8 | E27: 1 | K27: =AVERAGE(F27:J27) -> #DIV/0! | Q27: =AVERAGE(L27:P27) -> #DIV/0! | W27: =AVERAGE(R27:V27) -> #DIV/0! | Z27: =IF(X27>=85,"5",IF(X27>=65,"4",IF(X27>=55,"3",IF(X27>=40,"2",IF(X27>=1,"1",IF(X27>="","0")))))) -> 0 | AA27: =IF(BE27>=4.5, " 5 ", IF(BE27>=3.5," 4 ",IF(BE27>=2.5," 3 ",IF(BE27>=1.5," 2 ",IF(BE27>=1,"1 ",IF(BE27>=0,"0")))))) -> #DIV/0! | AH27: =AVERAGE(AC27:AG27) -> #DIV/0! | AN27: =AVERAGE(AI27:AM27) -> #DIV/0! | AT27: =AVERAGE(AO27:AS27) -> #DIV/0! | AW27: =IF(AU27>=85,"5",IF(AU27>=65,"4",IF(AU27>=55,"3",IF(AU27>=40,"2",IF(AU27>=1,"1",IF(AU27>="","0")))))) -> 0 | AX27: =IF(BJ27>=4.5, " 5 ", IF(BJ27>=3.5," 4 ",IF(BJ27>=2.5," 3 ",IF(BJ27>=1.5," 2 ",IF(BJ27>=1,"1 ",IF(BJ27>=0,"0")))))) -> #DIV/0! | AY27: =IF(BK27>=4.5, " 5 ", IF(BK27>=3.5," 4 ",IF(BK27>=2.5," 3 ",IF(BK27>=1.5," 2 ",IF(BK27>=1,"1 ",IF(BK27>=0,"0")))))) -> #DIV/0! | AZ27: =IF(BP27>=4.5, " 5 ", IF(BP27>=3.5," 4 ",IF(BP27>=2.5," 3 ",IF(BP27>=1.5," 2 ",IF(BP27>=1,"1 ",IF(BP27>=0,"0")))))) -> #DIV/0! | BA27: =$K27*$F$12 -> #DIV/0! | BB27: =$Q27*$L$12 -> #DIV/0! | BC27: =$W27*$R$12 -> #DIV/0! | BD27: =$Z27*$X$12 -> 0 | BE27: =BA27+BB27+BC27+BD27 -> #DIV/0! | BF27: =$AH27*$AC$12 -> #DIV/0! | BG27: =$AN27*$AI$12 -> #DIV/0! | BH27: =$AT27*$AO$12 -> #DIV/0! | BI27: =$AW27*$AU$12 -> 0 | BJ27: =(BF27+BG27+BH27+BI27) -> #DIV/0! | BK27: =(BE27+BJ27)/2 -> #DIV/0! | BL27: =(BE27+BJ27)/2 -> #DIV/0! | BM27: =ROUND(BL27,) -> #DIV/0! | BN27: =ROUND(BO28,) -> #DIV/0! | BO27: =(BE27+BJ27)/2 -> #DIV/0! | BP27: =(AY27+AY28)/2 -> #DIV/0!
E28: 2 | K28: =AVERAGE(F28:J28) -> #DIV/0! | Q28: =AVERAGE(L28:P28) -> #DIV/0! | W28: =AVERAGE(R28:V28) -> #DIV/0! | Z28: =IF(X28>=85,"5",IF(X28>=65,"4",IF(X28>=55,"3",IF(X28>=40,"2",IF(X28>=1,"1",IF(X28>="","0")))))) -> 0 | AA28: =IF(BE28>=4.5, " 5 ", IF(BE28>=3.5," 4 ",IF(BE28>=2.5," 3 ",IF(BE28>=1.5," 2 ",IF(BE28>=1,"1 ",IF(BE28>=0,"0")))))) -> #DIV/0! | AH28: =AVERAGE(AC28:AG28) -> #DIV/0! | AN28: =AVERAGE(AI28:AM28) -> #DIV/0! | AT28: =AVERAGE(AO28:AS28) -> #DIV/0! | AW28: =IF(AU28>=85,"5",IF(AU28>=65,"4",IF(AU28>=55,"3",IF(AU28>=40,"2",IF(AU28>=1,"1",IF(AU28>="","0")))))) -> 0 | AX28: =IF(BJ28>=4.5, " 5 ", IF(BJ28>=3.5," 4 ",IF(BJ28>=2.5," 3 ",IF(BJ28>=1.5," 2 ",IF(BJ28>=1,"1 ",IF(BJ28>=0,"0")))))) -> #DIV/0! | AY28: =IF(BK28>=4.5, " 5 ", IF(BK28>=3.5," 4 ",IF(BK28>=2.5," 3 ",IF(BK28>=1.5," 2 ",IF(BK28>=1,"1 ",IF(BK28>=0,"0")))))) -> #DIV/0! | BA28: =$K28*$F$12 -> #DIV/0! | BB28: =$Q28*$L$12 -> #DIV/0! | BC28: =$W28*$R$12 -> #DIV/0! | BD28: =$Z28*$X$12 -> 0 | BE28: =BA28+BB28+BC28+BD28 -> #DIV/0! | BF28: =$AH28*$AC$12 -> #DIV/0! | BG28: =$AN28*$AI$12 -> #DIV/0! | BH28: =$AT28*$AO$12 -> #DIV/0! | BI28: =$AW28*$AU$12 -> 0 | BJ28: =(BF28+BG28+BH28+BI28) -> #DIV/0! | BK28: =(BE28+BJ28)/2 -> #DIV/0! | BO28: =(BE28+BJ28)/2 -> #DIV/0!
A29: 9 | E29: 1 | K29: =AVERAGE(F29:J29) -> #DIV/0! | Q29: =AVERAGE(L29:P29) -> #DIV/0! | W29: =AVERAGE(R29:V29) -> #DIV/0! | Z29: =IF(X29>=85,"5",IF(X29>=65,"4",IF(X29>=55,"3",IF(X29>=40,"2",IF(X29>=1,"1",IF(X29>="","0")))))) -> 0 | AA29: =IF(BE29>=4.5, " 5 ", IF(BE29>=3.5," 4 ",IF(BE29>=2.5," 3 ",IF(BE29>=1.5," 2 ",IF(BE29>=1,"1 ",IF(BE29>=0,"0")))))) -> #DIV/0! | AH29: =AVERAGE(AC29:AG29) -> #DIV/0! | AN29: =AVERAGE(AI29:AM29) -> #DIV/0! | AT29: =AVERAGE(AO29:AS29) -> #DIV/0! | AW29: =IF(AU29>=85,"5",IF(AU29>=65,"4",IF(AU29>=55,"3",IF(AU29>=40,"2",IF(AU29>=1,"1",IF(AU29>="","0")))))) -> 0 | AX29: =IF(BJ29>=4.5, " 5 ", IF(BJ29>=3.5," 4 ",IF(BJ29>=2.5," 3 ",IF(BJ29>=1.5," 2 ",IF(BJ29>=1,"1 ",IF(BJ29>=0,"0")))))) -> #DIV/0! | AY29: =IF(BK29>=4.5, " 5 ", IF(BK29>=3.5," 4 ",IF(BK29>=2.5," 3 ",IF(BK29>=1.5," 2 ",IF(BK29>=1,"1 ",IF(BK29>=0,"0")))))) -> #DIV/0! | AZ29: =IF(BP29>=4.5, " 5 ", IF(BP29>=3.5," 4 ",IF(BP29>=2.5," 3 ",IF(BP29>=1.5," 2 ",IF(BP29>=1,"1 ",IF(BP29>=0,"0")))))) -> #DIV/0! | BA29: =$K29*$F$12 -> #DIV/0! | BB29: =$Q29*$L$12 -> #DIV/0! | BC29: =$W29*$R$12 -> #DIV/0! | BD29: =$Z29*$X$12 -> 0 | BE29: =BA29+BB29+BC29+BD29 -> #DIV/0! | BF29: =$AH29*$AC$12 -> #DIV/0! | BG29: =$AN29*$AI$12 -> #DIV/0! | BH29: =$AT29*$AO$12 -> #DIV/0! | BI29: =$AW29*$AU$12 -> 0 | BJ29: =(BF29+BG29+BH29+BI29) -> #DIV/0! | BK29: =(BE29+BJ29)/2 -> #DIV/0! | BL29: =(BE29+BJ29)/2 -> #DIV/0! | BM29: =ROUND(BL29,) -> #DIV/0! | BN29: =ROUND(BO30,) -> #DIV/0! | BO29: =(BE29+BJ29)/2 -> #DIV/0! | BP29: =(AY29+AY30)/2 -> #DIV/0!
E30: 2 | K30: =AVERAGE(F30:J30) -> #DIV/0! | Q30: =AVERAGE(L30:P30) -> #DIV/0! | W30: =AVERAGE(R30:V30) -> #DIV/0! | Z30: =IF(X30>=85,"5",IF(X30>=65,"4",IF(X30>=55,"3",IF(X30>=40,"2",IF(X30>=1,"1",IF(X30>="","0")))))) -> 0 | AA30: =IF(BE30>=4.5, " 5 ", IF(BE30>=3.5," 4 ",IF(BE30>=2.5," 3 ",IF(BE30>=1.5," 2 ",IF(BE30>=1,"1 ",IF(BE30>=0,"0")))))) -> #DIV/0! | AH30: =AVERAGE(AC30:AG30) -> #DIV/0! | AN30: =AVERAGE(AI30:AM30) -> #DIV/0! | AT30: =AVERAGE(AO30:AS30) -> #DIV/0! | AW30: =IF(AU30>=85,"5",IF(AU30>=65,"4",IF(AU30>=55,"3",IF(AU30>=40,"2",IF(AU30>=1,"1",IF(AU30>="","0")))))) -> 0 | AX30: =IF(BJ30>=4.5, " 5 ", IF(BJ30>=3.5," 4 ",IF(BJ30>=2.5," 3 ",IF(BJ30>=1.5," 2 ",IF(BJ30>=1,"1 ",IF(BJ30>=0,"0")))))) -> #DIV/0! | AY30: =IF(BK30>=4.5, " 5 ", IF(BK30>=3.5," 4 ",IF(BK30>=2.5," 3 ",IF(BK30>=1.5," 2 ",IF(BK30>=1,"1 ",IF(BK30>=0,"0")))))) -> #DIV/0! | BA30: =$K30*$F$12 -> #DIV/0! | BB30: =$Q30*$L$12 -> #DIV/0! | BC30: =$W30*$R$12 -> #DIV/0! | BD30: =$Z30*$X$12 -> 0 | BE30: =BA30+BB30+BC30+BD30 -> #DIV/0! | BF30: =$AH30*$AC$12 -> #DIV/0! | BG30: =$AN30*$AI$12 -> #DIV/0! | BH30: =$AT30*$AO$12 -> #DIV/0! | BI30: =$AW30*$AU$12 -> 0 | BJ30: =(BF30+BG30+BH30+BI30) -> #DIV/0! | BK30: =(BE30+BJ30)/2 -> #DIV/0! | BO30: =(BE30+BJ30)/2 -> #DIV/0!
A31: 10 | E31: 1 | K31: =AVERAGE(F31:J31) -> #DIV/0! | Q31: =AVERAGE(L31:P31) -> #DIV/0! | W31: =AVERAGE(R31:V31) -> #DIV/0! | Z31: =IF(X31>=85,"5",IF(X31>=65,"4",IF(X31>=55,"3",IF(X31>=40,"2",IF(X31>=1,"1",IF(X31>="","0")))))) -> 0 | AA31: =IF(BE31>=4.5, " 5 ", IF(BE31>=3.5," 4 ",IF(BE31>=2.5," 3 ",IF(BE31>=1.5," 2 ",IF(BE31>=1,"1 ",IF(BE31>=0,"0")))))) -> #DIV/0! | AH31: =AVERAGE(AC31:AG31) -> #DIV/0! | AN31: =AVERAGE(AI31:AM31) -> #DIV/0! | AT31: =AVERAGE(AO31:AS31) -> #DIV/0! | AW31: =IF(AU31>=85,"5",IF(AU31>=65,"4",IF(AU31>=55,"3",IF(AU31>=40,"2",IF(AU31>=1,"1",IF(AU31>="","0")))))) -> 0 | AX31: =IF(BJ31>=4.5, " 5 ", IF(BJ31>=3.5," 4 ",IF(BJ31>=2.5," 3 ",IF(BJ31>=1.5," 2 ",IF(BJ31>=1,"1 ",IF(BJ31>=0,"0")))))) -> #DIV/0! | AY31: =IF(BK31>=4.5, " 5 ", IF(BK31>=3.5," 4 ",IF(BK31>=2.5," 3 ",IF(BK31>=1.5," 2 ",IF(BK31>=1,"1 ",IF(BK31>=0,"0")))))) -> #DIV/0! | AZ31: =IF(BP31>=4.5, " 5 ", IF(BP31>=3.5," 4 ",IF(BP31>=2.5," 3 ",IF(BP31>=1.5," 2 ",IF(BP31>=1,"1 ",IF(BP31>=0,"0")))))) -> #DIV/0! | BA31: =$K31*$F$12 -> #DIV/0! | BB31: =$Q31*$L$12 -> #DIV/0! | BC31: =$W31*$R$12 -> #DIV/0! | BD31: =$Z31*$X$12 -> 0 | BE31: =BA31+BB31+BC31+BD31 -> #DIV/0! | BF31: =$AH31*$AC$12 -> #DIV/0! | BG31: =$AN31*$AI$12 -> #DIV/0! | BH31: =$AT31*$AO$12 -> #DIV/0! | BI31: =$AW31*$AU$12 -> 0 | BJ31: =(BF31+BG31+BH31+BI31) -> #DIV/0! | BK31: =(BE31+BJ31)/2 -> #DIV/0! | BL31: =(BE31+BJ31)/2 -> #DIV/0! | BM31: =ROUND(BL31,) -> #DIV/0! | BN31: =ROUND(BO32,) -> #DIV/0! | BO31: =(BE31+BJ31)/2 -> #DIV/0! | BP31: =(AY31+AY32)/2 -> #DIV/0!
E32: 2 | K32: =AVERAGE(F32:J32) -> #DIV/0! | Q32: =AVERAGE(L32:P32) -> #DIV/0! | W32: =AVERAGE(R32:V32) -> #DIV/0! | Z32: =IF(X32>=85,"5",IF(X32>=65,"4",IF(X32>=55,"3",IF(X32>=40,"2",IF(X32>=1,"1",IF(X32>="","0")))))) -> 0 | AA32: =IF(BE32>=4.5, " 5 ", IF(BE32>=3.5," 4 ",IF(BE32>=2.5," 3 ",IF(BE32>=1.5," 2 ",IF(BE32>=1,"1 ",IF(BE32>=0,"0")))))) -> #DIV/0! | AH32: =AVERAGE(AC32:AG32) -> #DIV/0! | AN32: =AVERAGE(AI32:AM32) -> #DIV/0! | AT32: =AVERAGE(AO32:AS32) -> #DIV/0! | AW32: =IF(AU32>=85,"5",IF(AU32>=65,"4",IF(AU32>=55,"3",IF(AU32>=40,"2",IF(AU32>=1,"1",IF(AU32>="","0")))))) -> 0 | AX32: =IF(BJ32>=4.5, " 5 ", IF(BJ32>=3.5," 4 ",IF(BJ32>=2.5," 3 ",IF(BJ32>=1.5," 2 ",IF(BJ32>=1,"1 ",IF(BJ32>=0,"0")))))) -> #DIV/0! | AY32: =IF(BK32>=4.5, " 5 ", IF(BK32>=3.5," 4 ",IF(BK32>=2.5," 3 ",IF(BK32>=1.5," 2 ",IF(BK32>=1,"1 ",IF(BK32>=0,"0")))))) -> #DIV/0! | BA32: =$K32*$F$12 -> #DIV/0! | BB32: =$Q32*$L$12 -> #DIV/0! | BC32: =$W32*$R$12 -> #DIV/0! | BD32: =$Z32*$X$12 -> 0 | BE32: =BA32+BB32+BC32+BD32 -> #DIV/0! | BF32: =$AH32*$AC$12 -> #DIV/0! | BG32: =$AN32*$AI$12 -> #DIV/0! | BH32: =$AT32*$AO$12 -> #DIV/0! | BI32: =$AW32*$AU$12 -> 0 | BJ32: =(BF32+BG32+BH32+BI32) -> #DIV/0! | BK32: =(BE32+BJ32)/2 -> #DIV/0! | BO32: =(BE32+BJ32)/2 -> #DIV/0!
A33: 11 | E33: 1 | K33: =AVERAGE(F33:J33) -> #DIV/0! | Q33: =AVERAGE(L33:P33) -> #DIV/0! | W33: =AVERAGE(R33:V33) -> #DIV/0! | Z33: =IF(X33>=85,"5",IF(X33>=65,"4",IF(X33>=55,"3",IF(X33>=40,"2",IF(X33>=1,"1",IF(X33>="","0")))))) -> 0 | AA33: =IF(BE33>=4.5, " 5 ", IF(BE33>=3.5," 4 ",IF(BE33>=2.5," 3 ",IF(BE33>=1.5," 2 ",IF(BE33>=1,"1 ",IF(BE33>=0,"0")))))) -> #DIV/0! | AH33: =AVERAGE(AC33:AG33) -> #DIV/0! | AN33: =AVERAGE(AI33:AM33) -> #DIV/0! | AT33: =AVERAGE(AO33:AS33) -> #DIV/0! | AW33: =IF(AU33>=85,"5",IF(AU33>=65,"4",IF(AU33>=55,"3",IF(AU33>=40,"2",IF(AU33>=1,"1",IF(AU33>="","0")))))) -> 0 | AX33: =IF(BJ33>=4.5, " 5 ", IF(BJ33>=3.5," 4 ",IF(BJ33>=2.5," 3 ",IF(BJ33>=1.5," 2 ",IF(BJ33>=1,"1 ",IF(BJ33>=0,"0")))))) -> #DIV/0! | AY33: =IF(BK33>=4.5, " 5 ", IF(BK33>=3.5," 4 ",IF(BK33>=2.5," 3 ",IF(BK33>=1.5," 2 ",IF(BK33>=1,"1 ",IF(BK33>=0,"0")))))) -> #DIV/0! | AZ33: =IF(BP33>=4.5, " 5 ", IF(BP33>=3.5," 4 ",IF(BP33>=2.5," 3 ",IF(BP33>=1.5," 2 ",IF(BP33>=1,"1 ",IF(BP33>=0,"0")))))) -> #DIV/0! | BA33: =$K33*$F$12 -> #DIV/0! | BB33: =$Q33*$L$12 -> #DIV/0! | BC33: =$W33*$R$12 -> #DIV/0! | BD33: =$Z33*$X$12 -> 0 | BE33: =BA33+BB33+BC33+BD33 -> #DIV/0! | BF33: =$AH33*$AC$12 -> #DIV/0! | BG33: =$AN33*$AI$12 -> #DIV/0! | BH33: =$AT33*$AO$12 -> #DIV/0! | BI33: =$AW33*$AU$12 -> 0 | BJ33: =(BF33+BG33+BH33+BI33) -> #DIV/0! | BK33: =(BE33+BJ33)/2 -> #DIV/0! | BL33: =(BE33+BJ33)/2 -> #DIV/0! | BM33: =ROUND(BL33,) -> #DIV/0! | BN33: =ROUND(BO34,) -> #DIV/0! | BO33: =(BE33+BJ33)/2 -> #DIV/0! | BP33: =(AY33+AY34)/2 -> #DIV/0!
E34: 2 | K34: =AVERAGE(F34:J34) -> #DIV/0! | Q34: =AVERAGE(L34:P34) -> #DIV/0! | W34: =AVERAGE(R34:V34) -> #DIV/0! | Z34: =IF(X34>=85,"5",IF(X34>=65,"4",IF(X34>=55,"3",IF(X34>=40,"2",IF(X34>=1,"1",IF(X34>="","0")))))) -> 0 | AA34: =IF(BE34>=4.5, " 5 ", IF(BE34>=3.5," 4 ",IF(BE34>=2.5," 3 ",IF(BE34>=1.5," 2 ",IF(BE34>=1,"1 ",IF(BE34>=0,"0")))))) -> #DIV/0! | AH34: =AVERAGE(AC34:AG34) -> #DIV/0! | AN34: =AVERAGE(AI34:AM34) -> #DIV/0! | AT34: =AVERAGE(AO34:AS34) -> #DIV/0! | AW34: =IF(AU34>=85,"5",IF(AU34>=65,"4",IF(AU34>=55,"3",IF(AU34>=40,"2",IF(AU34>=1,"1",IF(AU34>="","0")))))) -> 0 | AX34: =IF(BJ34>=4.5, " 5 ", IF(BJ34>=3.5," 4 ",IF(BJ34>=2.5," 3 ",IF(BJ34>=1.5," 2 ",IF(BJ34>=1,"1 ",IF(BJ34>=0,"0")))))) -> #DIV/0! | AY34: =IF(BK34>=4.5, " 5 ", IF(BK34>=3.5," 4 ",IF(BK34>=2.5," 3 ",IF(BK34>=1.5," 2 ",IF(BK34>=1,"1 ",IF(BK34>=0,"0")))))) -> #DIV/0! | BA34: =$K34*$F$12 -> #DIV/0! | BB34: =$Q34*$L$12 -> #DIV/0! | BC34: =$W34*$R$12 -> #DIV/0! | BD34: =$Z34*$X$12 -> 0 | BE34: =BA34+BB34+BC34+BD34 -> #DIV/0! | BF34: =$AH34*$AC$12 -> #DIV/0! | BG34: =$AN34*$AI$12 -> #DIV/0! | BH34: =$AT34*$AO$12 -> #DIV/0! | BI34: =$AW34*$AU$12 -> 0 | BJ34: =(BF34+BG34+BH34+BI34) -> #DIV/0! | BK34: =(BE34+BJ34)/2 -> #DIV/0! | BO34: =(BE34+BJ34)/2 -> #DIV/0!
A35: 12 | E35: 1 | K35: =AVERAGE(F35:J35) -> #DIV/0! | Q35: =AVERAGE(L35:P35) -> #DIV/0! | W35: =AVERAGE(R35:V35) -> #DIV/0! | Z35: =IF(X35>=85,"5",IF(X35>=65,"4",IF(X35>=55,"3",IF(X35>=40,"2",IF(X35>=1,"1",IF(X35>="","0")))))) -> 0 | AA35: =IF(BE35>=4.5, " 5 ", IF(BE35>=3.5," 4 ",IF(BE35>=2.5," 3 ",IF(BE35>=1.5," 2 ",IF(BE35>=1,"1 ",IF(BE35>=0,"0")))))) -> #DIV/0! | AH35: =AVERAGE(AC35:AG35) -> #DIV/0! | AN35: =AVERAGE(AI35:AM35) -> #DIV/0! | AT35: =AVERAGE(AO35:AS35) -> #DIV/0! | AW35: =IF(AU35>=85,"5",IF(AU35>=65,"4",IF(AU35>=55,"3",IF(AU35>=40,"2",IF(AU35>=1,"1",IF(AU35>="","0")))))) -> 0 | AX35: =IF(BJ35>=4.5, " 5 ", IF(BJ35>=3.5," 4 ",IF(BJ35>=2.5," 3 ",IF(BJ35>=1.5," 2 ",IF(BJ35>=1,"1 ",IF(BJ35>=0,"0")))))) -> #DIV/0! | AY35: =IF(BK35>=4.5, " 5 ", IF(BK35>=3.5," 4 ",IF(BK35>=2.5," 3 ",IF(BK35>=1.5," 2 ",IF(BK35>=1,"1 ",IF(BK35>=0,"0")))))) -> #DIV/0! | AZ35: =IF(BP35>=4.5, " 5 ", IF(BP35>=3.5," 4 ",IF(BP35>=2.5," 3 ",IF(BP35>=1.5," 2 ",IF(BP35>=1,"1 ",IF(BP35>=0,"0")))))) -> #DIV/0! | BA35: =$K35*$F$12 -> #DIV/0! | BB35: =$Q35*$L$12 -> #DIV/0! | BC35: =$W35*$R$12 -> #DIV/0! | BD35: =$Z35*$X$12 -> 0 | BE35: =BA35+BB35+BC35+BD35 -> #DIV/0! | BF35: =$AH35*$AC$12 -> #DIV/0! | BG35: =$AN35*$AI$12 -> #DIV/0! | BH35: =$AT35*$AO$12 -> #DIV/0! | BI35: =$AW35*$AU$12 -> 0 | BJ35: =(BF35+BG35+BH35+BI35) -> #DIV/0! | BK35: =(BE35+BJ35)/2 -> #DIV/0! | BL35: =(BE35+BJ35)/2 -> #DIV/0! | BM35: =ROUND(BL35,) -> #DIV/0! | BN35: =ROUND(BO36,) -> #DIV/0! | BO35: =(BE35+BJ35)/2 -> #DIV/0! | BP35: =(AY35+AY36)/2 -> #DIV/0!
E36: 2 | K36: =AVERAGE(F36:J36) -> #DIV/0! | Q36: =AVERAGE(L36:P36) -> #DIV/0! | W36: =AVERAGE(R36:V36) -> #DIV/0! | Z36: =IF(X36>=85,"5",IF(X36>=65,"4",IF(X36>=55,"3",IF(X36>=40,"2",IF(X36>=1,"1",IF(X36>="","0")))))) -> 0 | AA36: =IF(BE36>=4.5, " 5 ", IF(BE36>=3.5," 4 ",IF(BE36>=2.5," 3 ",IF(BE36>=1.5," 2 ",IF(BE36>=1,"1 ",IF(BE36>=0,"0")))))) -> #DIV/0! | AH36: =AVERAGE(AC36:AG36) -> #DIV/0! | AN36: =AVERAGE(AI36:AM36) -> #DIV/0! | AT36: =AVERAGE(AO36:AS36) -> #DIV/0! | AW36: =IF(AU36>=85,"5",IF(AU36>=65,"4",IF(AU36>=55,"3",IF(AU36>=40,"2",IF(AU36>=1,"1",IF(AU36>="","0")))))) -> 0 | AX36: =IF(BJ36>=4.5, " 5 ", IF(BJ36>=3.5," 4 ",IF(BJ36>=2.5," 3 ",IF(BJ36>=1.5," 2 ",IF(BJ36>=1,"1 ",IF(BJ36>=0,"0")))))) -> #DIV/0! | AY36: =IF(BK36>=4.5, " 5 ", IF(BK36>=3.5," 4 ",IF(BK36>=2.5," 3 ",IF(BK36>=1.5," 2 ",IF(BK36>=1,"1 ",IF(BK36>=0,"0")))))) -> #DIV/0! | BA36: =$K36*$F$12 -> #DIV/0! | BB36: =$Q36*$L$12 -> #DIV/0! | BC36: =$W36*$R$12 -> #DIV/0! | BD36: =$Z36*$X$12 -> 0 | BE36: =BA36+BB36+BC36+BD36 -> #DIV/0! | BF36: =$AH36*$AC$12 -> #DIV/0! | BG36: =$AN36*$AI$12 -> #DIV/0! | BH36: =$AT36*$AO$12 -> #DIV/0! | BI36: =$AW36*$AU$12 -> 0 | BJ36: =(BF36+BG36+BH36+BI36) -> #DIV/0! | BK36: =(BE36+BJ36)/2 -> #DIV/0! | BO36: =(BE36+BJ36)/2 -> #DIV/0!
A37: 13 | E37: 1 | K37: =AVERAGE(F37:J37) -> #DIV/0! | Q37: =AVERAGE(L37:P37) -> #DIV/0! | W37: =AVERAGE(R37:V37) -> #DIV/0! | Z37: =IF(X37>=85,"5",IF(X37>=65,"4",IF(X37>=55,"3",IF(X37>=40,"2",IF(X37>=1,"1",IF(X37>="","0")))))) -> 0 | AA37: =IF(BE37>=4.5, " 5 ", IF(BE37>=3.5," 4 ",IF(BE37>=2.5," 3 ",IF(BE37>=1.5," 2 ",IF(BE37>=1,"1 ",IF(BE37>=0,"0")))))) -> #DIV/0! | AH37: =AVERAGE(AC37:AG37) -> #DIV/0! | AN37: =AVERAGE(AI37:AM37) -> #DIV/0! | AT37: =AVERAGE(AO37:AS37) -> #DIV/0! | AW37: =IF(AU37>=85,"5",IF(AU37>=65,"4",IF(AU37>=55,"3",IF(AU37>=40,"2",IF(AU37>=1,"1",IF(AU37>="","0")))))) -> 0 | AX37: =IF(BJ37>=4.5, " 5 ", IF(BJ37>=3.5," 4 ",IF(BJ37>=2.5," 3 ",IF(BJ37>=1.5," 2 ",IF(BJ37>=1,"1 ",IF(BJ37>=0,"0")))))) -> #DIV/0! | AY37: =IF(BK37>=4.5, " 5 ", IF(BK37>=3.5," 4 ",IF(BK37>=2.5," 3 ",IF(BK37>=1.5," 2 ",IF(BK37>=1,"1 ",IF(BK37>=0,"0")))))) -> #DIV/0! | AZ37: =IF(BP37>=4.5, " 5 ", IF(BP37>=3.5," 4 ",IF(BP37>=2.5," 3 ",IF(BP37>=1.5," 2 ",IF(BP37>=1,"1 ",IF(BP37>=0,"0")))))) -> #DIV/0! | BA37: =$K37*$F$12 -> #DIV/0! | BB37: =$Q37*$L$12 -> #DIV/0! | BC37: =$W37*$R$12 -> #DIV/0! | BD37: =$Z37*$X$12 -> 0 | BE37: =BA37+BB37+BC37+BD37 -> #DIV/0! | BF37: =$AH37*$AC$12 -> #DIV/0! | BG37: =$AN37*$AI$12 -> #DIV/0! | BH37: =$AT37*$AO$12 -> #DIV/0! | BI37: =$AW37*$AU$12 -> 0 | BJ37: =(BF37+BG37+BH37+BI37) -> #DIV/0! | BK37: =(BE37+BJ37)/2 -> #DIV/0! | BL37: =(BE37+BJ37)/2 -> #DIV/0! | BM37: =ROUND(BL37,) -> #DIV/0! | BN37: =ROUND(BO38,) -> #DIV/0! | BO37: =(BE37+BJ37)/2 -> #DIV/0! | BP37: =(AY37+AY38)/2 -> #DIV/0!
E38: 2 | K38: =AVERAGE(F38:J38) -> #DIV/0! | Q38: =AVERAGE(L38:P38) -> #DIV/0! | W38: =AVERAGE(R38:V38) -> #DIV/0! | Z38: =IF(X38>=85,"5",IF(X38>=65,"4",IF(X38>=55,"3",IF(X38>=40,"2",IF(X38>=1,"1",IF(X38>="","0")))))) -> 0 | AA38: =IF(BE38>=4.5, " 5 ", IF(BE38>=3.5," 4 ",IF(BE38>=2.5," 3 ",IF(BE38>=1.5," 2 ",IF(BE38>=1,"1 ",IF(BE38>=0,"0")))))) -> #DIV/0! | AH38: =AVERAGE(AC38:AG38) -> #DIV/0! | AN38: =AVERAGE(AI38:AM38) -> #DIV/0! | AT38: =AVERAGE(AO38:AS38) -> #DIV/0! | AW38: =IF(AU38>=85,"5",IF(AU38>=65,"4",IF(AU38>=55,"3",IF(AU38>=40,"2",IF(AU38>=1,"1",IF(AU38>="","0")))))) -> 0 | AX38: =IF(BJ38>=4.5, " 5 ", IF(BJ38>=3.5," 4 ",IF(BJ38>=2.5," 3 ",IF(BJ38>=1.5," 2 ",IF(BJ38>=1,"1 ",IF(BJ38>=0,"0")))))) -> #DIV/0! | AY38: =IF(BK38>=4.5, " 5 ", IF(BK38>=3.5," 4 ",IF(BK38>=2.5," 3 ",IF(BK38>=1.5," 2 ",IF(BK38>=1,"1 ",IF(BK38>=0,"0")))))) -> #DIV/0! | BA38: =$K38*$F$12 -> #DIV/0! | BB38: =$Q38*$L$12 -> #DIV/0! | BC38: =$W38*$R$12 -> #DIV/0! | BD38: =$Z38*$X$12 -> 0 | BE38: =BA38+BB38+BC38+BD38 -> #DIV/0! | BF38: =$AH38*$AC$12 -> #DIV/0! | BG38: =$AN38*$AI$12 -> #DIV/0! | BH38: =$AT38*$AO$12 -> #DIV/0! | BI38: =$AW38*$AU$12 -> 0 | BJ38: =(BF38+BG38+BH38+BI38) -> #DIV/0! | BK38: =(BE38+BJ38)/2 -> #DIV/0! | BO38: =(BE38+BJ38)/2 -> #DIV/0!
A39: 14 | E39: 1 | K39: =AVERAGE(F39:J39) -> #DIV/0! | Q39: =AVERAGE(L39:P39) -> #DIV/0! | W39: =AVERAGE(R39:V39) -> #DIV/0! | Z39: =IF(X39>=85,"5",IF(X39>=65,"4",IF(X39>=55,"3",IF(X39>=40,"2",IF(X39>=1,"1",IF(X39>="","0")))))) -> 0 | AA39: =IF(BE39>=4.5, " 5 ", IF(BE39>=3.5," 4 ",IF(BE39>=2.5," 3 ",IF(BE39>=1.5," 2 ",IF(BE39>=1,"1 ",IF(BE39>=0,"0")))))) -> #DIV/0! | AH39: =AVERAGE(AC39:AG39) -> #DIV/0! | AN39: =AVERAGE(AI39:AM39) -> #DIV/0! | AT39: =AVERAGE(AO39:AS39) -> #DIV/0! | AW39: =IF(AU39>=85,"5",IF(AU39>=65,"4",IF(AU39>=55,"3",IF(AU39>=40,"2",IF(AU39>=1,"1",IF(AU39>="","0")))))) -> 0 | AX39: =IF(BJ39>=4.5, " 5 ", IF(BJ39>=3.5," 4 ",IF(BJ39>=2.5," 3 ",IF(BJ39>=1.5," 2 ",IF(BJ39>=1,"1 ",IF(BJ39>=0,"0")))))) -> #DIV/0! | AY39: =IF(BK39>=4.5, " 5 ", IF(BK39>=3.5," 4 ",IF(BK39>=2.5," 3 ",IF(BK39>=1.5," 2 ",IF(BK39>=1,"1 ",IF(BK39>=0,"0")))))) -> #DIV/0! | AZ39: =IF(BP39>=4.5, " 5 ", IF(BP39>=3.5," 4 ",IF(BP39>=2.5," 3 ",IF(BP39>=1.5," 2 ",IF(BP39>=1,"1 ",IF(BP39>=0,"0")))))) -> #DIV/0! | BA39: =$K39*$F$12 -> #DIV/0! | BB39: =$Q39*$L$12 -> #DIV/0! | BC39: =$W39*$R$12 -> #DIV/0! | BD39: =$Z39*$X$12 -> 0 | BE39: =BA39+BB39+BC39+BD39 -> #DIV/0! | BF39: =$AH39*$AC$12 -> #DIV/0! | BG39: =$AN39*$AI$12 -> #DIV/0! | BH39: =$AT39*$AO$12 -> #DIV/0! | BI39: =$AW39*$AU$12 -> 0 | BJ39: =(BF39+BG39+BH39+BI39) -> #DIV/0! | BK39: =(BE39+BJ39)/2 -> #DIV/0! | BL39: =(BE39+BJ39)/2 -> #DIV/0! | BM39: =ROUND(BL39,) -> #DIV/0! | BN39: =ROUND(BO40,) -> #DIV/0! | BO39: =(BE39+BJ39)/2 -> #DIV/0! | BP39: =(AY39+AY40)/2 -> #DIV/0!
E40: 2 | K40: =AVERAGE(F40:J40) -> #DIV/0! | Q40: =AVERAGE(L40:P40) -> #DIV/0! | W40: =AVERAGE(R40:V40) -> #DIV/0! | Z40: =IF(X40>=85,"5",IF(X40>=65,"4",IF(X40>=55,"3",IF(X40>=40,"2",IF(X40>=1,"1",IF(X40>="","0")))))) -> 0 | AA40: =IF(BE40>=4.5, " 5 ", IF(BE40>=3.5," 4 ",IF(BE40>=2.5," 3 ",IF(BE40>=1.5," 2 ",IF(BE40>=1,"1 ",IF(BE40>=0,"0")))))) -> #DIV/0! | AH40: =AVERAGE(AC40:AG40) -> #DIV/0! | AN40: =AVERAGE(AI40:AM40) -> #DIV/0! | AT40: =AVERAGE(AO40:AS40) -> #DIV/0! | AW40: =IF(AU40>=85,"5",IF(AU40>=65,"4",IF(AU40>=55,"3",IF(AU40>=40,"2",IF(AU40>=1,"1",IF(AU40>="","0")))))) -> 0 | AX40: =IF(BJ40>=4.5, " 5 ", IF(BJ40>=3.5," 4 ",IF(BJ40>=2.5," 3 ",IF(BJ40>=1.5," 2 ",IF(BJ40>=1,"1 ",IF(BJ40>=0,"0")))))) -> #DIV/0! | AY40: =IF(BK40>=4.5, " 5 ", IF(BK40>=3.5," 4 ",IF(BK40>=2.5," 3 ",IF(BK40>=1.5," 2 ",IF(BK40>=1,"1 ",IF(BK40>=0,"0")))))) -> #DIV/0! | BA40: =$K40*$F$12 -> #DIV/0! | BB40: =$Q40*$L$12 -> #DIV/0! | BC40: =$W40*$R$12 -> #DIV/0! | BD40: =$Z40*$X$12 -> 0 | BE40: =BA40+BB40+BC40+BD40 -> #DIV/0! | BF40: =$AH40*$AC$12 -> #DIV/0! | BG40: =$AN40*$AI$12 -> #DIV/0! | BH40: =$AT40*$AO$12 -> #DIV/0! | BI40: =$AW40*$AU$12 -> 0 | BJ40: =(BF40+BG40+BH40+BI40) -> #DIV/0! | BK40: =(BE40+BJ40)/2 -> #DIV/0! | BO40: =(BE40+BJ40)/2 -> #DIV/0!
A41: 15 | E41: 1 | K41: =AVERAGE(F41:J41) -> #DIV/0! | Q41: =AVERAGE(L41:P41) -> #DIV/0! | W41: =AVERAGE(R41:V41) -> #DIV/0! | Z41: =IF(X41>=85,"5",IF(X41>=65,"4",IF(X41>=55,"3",IF(X41>=40,"2",IF(X41>=1,"1",IF(X41>="","0")))))) -> 0 | AA41: =IF(BE41>=4.5, " 5 ", IF(BE41>=3.5," 4 ",IF(BE41>=2.5," 3 ",IF(BE41>=1.5," 2 ",IF(BE41>=1,"1 ",IF(BE41>=0,"0")))))) -> #DIV/0! | AH41: =AVERAGE(AC41:AG41) -> #DIV/0! | AN41: =AVERAGE(AI41:AM41) -> #DIV/0! | AT41: =AVERAGE(AO41:AS41) -> #DIV/0! | AW41: =IF(AU41>=85,"5",IF(AU41>=65,"4",IF(AU41>=55,"3",IF(AU41>=40,"2",IF(AU41>=1,"1",IF(AU41>="","0")))))) -> 0 | AX41: =IF(BJ41>=4.5, " 5 ", IF(BJ41>=3.5," 4 ",IF(BJ41>=2.5," 3 ",IF(BJ41>=1.5," 2 ",IF(BJ41>=1,"1 ",IF(BJ41>=0,"0")))))) -> #DIV/0! | AY41: =IF(BK41>=4.5, " 5 ", IF(BK41>=3.5," 4 ",IF(BK41>=2.5," 3 ",IF(BK41>=1.5," 2 ",IF(BK41>=1,"1 ",IF(BK41>=0,"0")))))) -> #DIV/0! | AZ41: =IF(BP41>=4.5, " 5 ", IF(BP41>=3.5," 4 ",IF(BP41>=2.5," 3 ",IF(BP41>=1.5," 2 ",IF(BP41>=1,"1 ",IF(BP41>=0,"0")))))) -> #DIV/0! | BA41: =$K41*$F$12 -> #DIV/0! | BB41: =$Q41*$L$12 -> #DIV/0! | BC41: =$W41*$R$12 -> #DIV/0! | BD41: =$Z41*$X$12 -> 0 | BE41: =BA41+BB41+BC41+BD41 -> #DIV/0! | BF41: =$AH41*$AC$12 -> #DIV/0! | BG41: =$AN41*$AI$12 -> #DIV/0! | BH41: =$AT41*$AO$12 -> #DIV/0! | BI41: =$AW41*$AU$12 -> 0 | BJ41: =(BF41+BG41+BH41+BI41) -> #DIV/0! | BK41: =(BE41+BJ41)/2 -> #DIV/0! | BL41: =(BE41+BJ41)/2 -> #DIV/0! | BM41: =ROUND(BL41,) -> #DIV/0! | BN41: =ROUND(BO42,) -> #DIV/0! | BO41: =(BE41+BJ41)/2 -> #DIV/0! | BP41: =(AY41+AY42)/2 -> #DIV/0!
E42: 2 | K42: =AVERAGE(F42:J42) -> #DIV/0! | Q42: =AVERAGE(L42:P42) -> #DIV/0! | W42: =AVERAGE(R42:V42) -> #DIV/0! | Z42: =IF(X42>=85,"5",IF(X42>=65,"4",IF(X42>=55,"3",IF(X42>=40,"2",IF(X42>=1,"1",IF(X42>="","0")))))) -> 0 | AA42: =IF(BE42>=4.5, " 5 ", IF(BE42>=3.5," 4 ",IF(BE42>=2.5," 3 ",IF(BE42>=1.5," 2 ",IF(BE42>=1,"1 ",IF(BE42>=0,"0")))))) -> #DIV/0! | AH42: =AVERAGE(AC42:AG42) -> #DIV/0! | AN42: =AVERAGE(AI42:AM42) -> #DIV/0! | AT42: =AVERAGE(AO42:AS42) -> #DIV/0! | AW42: =IF(AU42>=85,"5",IF(AU42>=65,"4",IF(AU42>=55,"3",IF(AU42>=40,"2",IF(AU42>=1,"1",IF(AU42>="","0")))))) -> 0 | AX42: =IF(BJ42>=4.5, " 5 ", IF(BJ42>=3.5," 4 ",IF(BJ42>=2.5," 3 ",IF(BJ42>=1.5," 2 ",IF(BJ42>=1,"1 ",IF(BJ42>=0,"0")))))) -> #DIV/0! | AY42: =IF(BK42>=4.5, " 5 ", IF(BK42>=3.5," 4 ",IF(BK42>=2.5," 3 ",IF(BK42>=1.5," 2 ",IF(BK42>=1,"1 ",IF(BK42>=0,"0")))))) -> #DIV/0! | BA42: =$K42*$F$12 -> #DIV/0! | BB42: =$Q42*$L$12 -> #DIV/0! | BC42: =$W42*$R$12 -> #DIV/0! | BD42: =$Z42*$X$12 -> 0 | BE42: =BA42+BB42+BC42+BD42 -> #DIV/0! | BF42: =$AH42*$AC$12 -> #DIV/0! | BG42: =$AN42*$AI$12 -> #DIV/0! | BH42: =$AT42*$AO$12 -> #DIV/0! | BI42: =$AW42*$AU$12 -> 0 | BJ42: =(BF42+BG42+BH42+BI42) -> #DIV/0! | BK42: =(BE42+BJ42)/2 -> #DIV/0! | BO42: =(BE42+BJ42)/2 -> #DIV/0!
A43: 16 | E43: 1 | K43: =AVERAGE(F43:J43) -> #DIV/0! | Q43: =AVERAGE(L43:P43) -> #DIV/0! | W43: =AVERAGE(R43:V43) -> #DIV/0! | Z43: =IF(X43>=85,"5",IF(X43>=65,"4",IF(X43>=55,"3",IF(X43>=40,"2",IF(X43>=1,"1",IF(X43>="","0")))))) -> 0 | AA43: =IF(BE43>=4.5, " 5 ", IF(BE43>=3.5," 4 ",IF(BE43>=2.5," 3 ",IF(BE43>=1.5," 2 ",IF(BE43>=1,"1 ",IF(BE43>=0,"0")))))) -> #DIV/0! | AH43: =AVERAGE(AC43:AG43) -> #DIV/0! | AN43: =AVERAGE(AI43:AM43) -> #DIV/0! | AT43: =AVERAGE(AO43:AS43) -> #DIV/0! | AW43: =IF(AU43>=85,"5",IF(AU43>=65,"4",IF(AU43>=55,"3",IF(AU43>=40,"2",IF(AU43>=1,"1",IF(AU43>="","0")))))) -> 0 | AX43: =IF(BJ43>=4.5, " 5 ", IF(BJ43>=3.5," 4 ",IF(BJ43>=2.5," 3 ",IF(BJ43>=1.5," 2 ",IF(BJ43>=1,"1 ",IF(BJ43>=0,"0")))))) -> #DIV/0! | AY43: =IF(BK43>=4.5, " 5 ", IF(BK43>=3.5," 4 ",IF(BK43>=2.5," 3 ",IF(BK43>=1.5," 2 ",IF(BK43>=1,"1 ",IF(BK43>=0,"0")))))) -> #DIV/0! | AZ43: =IF(BP43>=4.5, " 5 ", IF(BP43>=3.5," 4 ",IF(BP43>=2.5," 3 ",IF(BP43>=1.5," 2 ",IF(BP43>=1,"1 ",IF(BP43>=0,"0")))))) -> #DIV/0! | BA43: =$K43*$F$12 -> #DIV/0! | BB43: =$Q43*$L$12 -> #DIV/0! | BC43: =$W43*$R$12 -> #DIV/0! | BD43: =$Z43*$X$12 -> 0 | BE43: =BA43+BB43+BC43+BD43 -> #DIV/0! | BF43: =$AH43*$AC$12 -> #DIV/0! | BG43: =$AN43*$AI$12 -> #DIV/0! | BH43: =$AT43*$AO$12 -> #DIV/0! | BI43: =$AW43*$AU$12 -> 0 | BJ43: =(BF43+BG43+BH43+BI43) -> #DIV/0! | BK43: =(BE43+BJ43)/2 -> #DIV/0! | BL43: =(BE43+BJ43)/2 -> #DIV/0! | BM43: =ROUND(BL43,) -> #DIV/0! | BN43: =ROUND(BO44,) -> #DIV/0! | BO43: =(BE43+BJ43)/2 -> #DIV/0! | BP43: =(AY43+AY44)/2 -> #DIV/0!
E44: 2 | K44: =AVERAGE(F44:J44) -> #DIV/0! | Q44: =AVERAGE(L44:P44) -> #DIV/0! | W44: =AVERAGE(R44:V44) -> #DIV/0! | Z44: =IF(X44>=85,"5",IF(X44>=65,"4",IF(X44>=55,"3",IF(X44>=40,"2",IF(X44>=1,"1",IF(X44>="","0")))))) -> 0 | AA44: =IF(BE44>=4.5, " 5 ", IF(BE44>=3.5," 4 ",IF(BE44>=2.5," 3 ",IF(BE44>=1.5," 2 ",IF(BE44>=1,"1 ",IF(BE44>=0,"0")))))) -> #DIV/0! | AH44: =AVERAGE(AC44:AG44) -> #DIV/0! | AN44: =AVERAGE(AI44:AM44) -> #DIV/0! | AT44: =AVERAGE(AO44:AS44) -> #DIV/0! | AW44: =IF(AU44>=85,"5",IF(AU44>=65,"4",IF(AU44>=55,"3",IF(AU44>=40,"2",IF(AU44>=1,"1",IF(AU44>="","0")))))) -> 0 | AX44: =IF(BJ44>=4.5, " 5 ", IF(BJ44>=3.5," 4 ",IF(BJ44>=2.5," 3 ",IF(BJ44>=1.5," 2 ",IF(BJ44>=1,"1 ",IF(BJ44>=0,"0")))))) -> #DIV/0! | AY44: =IF(BK44>=4.5, " 5 ", IF(BK44>=3.5," 4 ",IF(BK44>=2.5," 3 ",IF(BK44>=1.5," 2 ",IF(BK44>=1,"1 ",IF(BK44>=0,"0")))))) -> #DIV/0! | BA44: =$K44*$F$12 -> #DIV/0! | BB44: =$Q44*$L$12 -> #DIV/0! | BC44: =$W44*$R$12 -> #DIV/0! | BD44: =$Z44*$X$12 -> 0 | BE44: =BA44+BB44+BC44+BD44 -> #DIV/0! | BF44: =$AH44*$AC$12 -> #DIV/0! | BG44: =$AN44*$AI$12 -> #DIV/0! | BH44: =$AT44*$AO$12 -> #DIV/0! | BI44: =$AW44*$AU$12 -> 0 | BJ44: =(BF44+BG44+BH44+BI44) -> #DIV/0! | BK44: =(BE44+BJ44)/2 -> #DIV/0! | BO44: =(BE44+BJ44)/2 -> #DIV/0!
A45: 17 | E45: 1 | K45: =AVERAGE(F45:J45) -> #DIV/0! | Q45: =AVERAGE(L45:P45) -> #DIV/0! | W45: =AVERAGE(R45:V45) -> #DIV/0! | Z45: =IF(X45>=85,"5",IF(X45>=65,"4",IF(X45>=55,"3",IF(X45>=40,"2",IF(X45>=1,"1",IF(X45>="","0")))))) -> 0 | AA45: =IF(BE45>=4.5, " 5 ", IF(BE45>=3.5," 4 ",IF(BE45>=2.5," 3 ",IF(BE45>=1.5," 2 ",IF(BE45>=1,"1 ",IF(BE45>=0,"0")))))) -> #DIV/0! | AH45: =AVERAGE(AC45:AG45) -> #DIV/0! | AN45: =AVERAGE(AI45:AM45) -> #DIV/0! | AT45: =AVERAGE(AO45:AS45) -> #DIV/0! | AW45: =IF(AU45>=85,"5",IF(AU45>=65,"4",IF(AU45>=55,"3",IF(AU45>=40,"2",IF(AU45>=1,"1",IF(AU45>="","0")))))) -> 0 | AX45: =IF(BJ45>=4.5, " 5 ", IF(BJ45>=3.5," 4 ",IF(BJ45>=2.5," 3 ",IF(BJ45>=1.5," 2 ",IF(BJ45>=1,"1 ",IF(BJ45>=0,"0")))))) -> #DIV/0! | AY45: =IF(BK45>=4.5, " 5 ", IF(BK45>=3.5," 4 ",IF(BK45>=2.5," 3 ",IF(BK45>=1.5," 2 ",IF(BK45>=1,"1 ",IF(BK45>=0,"0")))))) -> #DIV/0! | AZ45: =IF(BP45>=4.5, " 5 ", IF(BP45>=3.5," 4 ",IF(BP45>=2.5," 3 ",IF(BP45>=1.5," 2 ",IF(BP45>=1,"1 ",IF(BP45>=0,"0")))))) -> #DIV/0! | BA45: =$K45*$F$12 -> #DIV/0! | BB45: =$Q45*$L$12 -> #DIV/0! | BC45: =$W45*$R$12 -> #DIV/0! | BD45: =$Z45*$X$12 -> 0 | BE45: =BA45+BB45+BC45+BD45 -> #DIV/0! | BF45: =$AH45*$AC$12 -> #DIV/0! | BG45: =$AN45*$AI$12 -> #DIV/0! | BH45: =$AT45*$AO$12 -> #DIV/0! | BI45: =$AW45*$AU$12 -> 0 | BJ45: =(BF45+BG45+BH45+BI45) -> #DIV/0! | BK45: =(BE45+BJ45)/2 -> #DIV/0! | BL45: =(BE45+BJ45)/2 -> #DIV/0! | BM45: =ROUND(BL45,) -> #DIV/0! | BN45: =ROUND(BO46,) -> #DIV/0! | BO45: =(BE45+BJ45)/2 -> #DIV/0! | BP45: =(AY45+AY46)/2 -> #DIV/0!
E46: 2 | K46: =AVERAGE(F46:J46) -> #DIV/0! | Q46: =AVERAGE(L46:P46) -> #DIV/0! | W46: =AVERAGE(R46:V46) -> #DIV/0! | Z46: =IF(X46>=85,"5",IF(X46>=65,"4",IF(X46>=55,"3",IF(X46>=40,"2",IF(X46>=1,"1",IF(X46>="","0")))))) -> 0 | AA46: =IF(BE46>=4.5, " 5 ", IF(BE46>=3.5," 4 ",IF(BE46>=2.5," 3 ",IF(BE46>=1.5," 2 ",IF(BE46>=1,"1 ",IF(BE46>=0,"0")))))) -> #DIV/0! | AH46: =AVERAGE(AC46:AG46) -> #DIV/0! | AN46: =AVERAGE(AI46:AM46) -> #DIV/0! | AT46: =AVERAGE(AO46:AS46) -> #DIV/0! | AW46: =IF(AU46>=85,"5",IF(AU46>=65,"4",IF(AU46>=55,"3",IF(AU46>=40,"2",IF(AU46>=1,"1",IF(AU46>="","0")))))) -> 0 | AX46: =IF(BJ46>=4.5, " 5 ", IF(BJ46>=3.5," 4 ",IF(BJ46>=2.5," 3 ",IF(BJ46>=1.5," 2 ",IF(BJ46>=1,"1 ",IF(BJ46>=0,"0")))))) -> #DIV/0! | AY46: =IF(BK46>=4.5, " 5 ", IF(BK46>=3.5," 4 ",IF(BK46>=2.5," 3 ",IF(BK46>=1.5," 2 ",IF(BK46>=1,"1 ",IF(BK46>=0,"0")))))) -> #DIV/0! | BA46: =$K46*$F$12 -> #DIV/0! | BB46: =$Q46*$L$12 -> #DIV/0! | BC46: =$W46*$R$12 -> #DIV/0! | BD46: =$Z46*$X$12 -> 0 | BE46: =BA46+BB46+BC46+BD46 -> #DIV/0! | BF46: =$AH46*$AC$12 -> #DIV/0! | BG46: =$AN46*$AI$12 -> #DIV/0! | BH46: =$AT46*$AO$12 -> #DIV/0! | BI46: =$AW46*$AU$12 -> 0 | BJ46: =(BF46+BG46+BH46+BI46) -> #DIV/0! | BK46: =(BE46+BJ46)/2 -> #DIV/0! | BO46: =(BE46+BJ46)/2 -> #DIV/0!
A47: 18 | E47: 1 | K47: =AVERAGE(F47:J47) -> #DIV/0! | Q47: =AVERAGE(L47:P47) -> #DIV/0! | W47: =AVERAGE(R47:V47) -> #DIV/0! | Z47: =IF(X47>=85,"5",IF(X47>=65,"4",IF(X47>=55,"3",IF(X47>=40,"2",IF(X47>=1,"1",IF(X47>="","0")))))) -> 0 | AA47: =IF(BE47>=4.5, " 5 ", IF(BE47>=3.5," 4 ",IF(BE47>=2.5," 3 ",IF(BE47>=1.5," 2 ",IF(BE47>=1,"1 ",IF(BE47>=0,"0")))))) -> #DIV/0! | AH47: =AVERAGE(AC47:AG47) -> #DIV/0! | AN47: =AVERAGE(AI47:AM47) -> #DIV/0! | AT47: =AVERAGE(AO47:AS47) -> #DIV/0! | AW47: =IF(AU47>=85,"5",IF(AU47>=65,"4",IF(AU47>=55,"3",IF(AU47>=40,"2",IF(AU47>=1,"1",IF(AU47>="","0")))))) -> 0 | AX47: =IF(BJ47>=4.5, " 5 ", IF(BJ47>=3.5," 4 ",IF(BJ47>=2.5," 3 ",IF(BJ47>=1.5," 2 ",IF(BJ47>=1,"1 ",IF(BJ47>=0,"0")))))) -> #DIV/0! | AY47: =IF(BK47>=4.5, " 5 ", IF(BK47>=3.5," 4 ",IF(BK47>=2.5," 3 ",IF(BK47>=1.5," 2 ",IF(BK47>=1,"1 ",IF(BK47>=0,"0")))))) -> #DIV/0! | AZ47: =IF(BP47>=4.5, " 5 ", IF(BP47>=3.5," 4 ",IF(BP47>=2.5," 3 ",IF(BP47>=1.5," 2 ",IF(BP47>=1,"1 ",IF(BP47>=0,"0")))))) -> #DIV/0! | BA47: =$K47*$F$12 -> #DIV/0! | BB47: =$Q47*$L$12 -> #DIV/0! | BC47: =$W47*$R$12 -> #DIV/0! | BD47: =$Z47*$X$12 -> 0 | BE47: =BA47+BB47+BC47+BD47 -> #DIV/0! | BF47: =$AH47*$AC$12 -> #DIV/0! | BG47: =$AN47*$AI$12 -> #DIV/0! | BH47: =$AT47*$AO$12 -> #DIV/0! | BI47: =$AW47*$AU$12 -> 0 | BJ47: =(BF47+BG47+BH47+BI47) -> #DIV/0! | BK47: =(BE47+BJ47)/2 -> #DIV/0! | BL47: =(BE47+BJ47)/2 -> #DIV/0! | BM47: =ROUND(BL47,) -> #DIV/0! | BN47: =ROUND(BO48,) -> #DIV/0! | BO47: =(BE47+BJ47)/2 -> #DIV/0! | BP47: =(AY47+AY48)/2 -> #DIV/0!
E48: 2 | K48: =AVERAGE(F48:J48) -> #DIV/0! | Q48: =AVERAGE(L48:P48) -> #DIV/0! | W48: =AVERAGE(R48:V48) -> #DIV/0! | Z48: =IF(X48>=85,"5",IF(X48>=65,"4",IF(X48>=55,"3",IF(X48>=40,"2",IF(X48>=1,"1",IF(X48>="","0")))))) -> 0 | AA48: =IF(BE48>=4.5, " 5 ", IF(BE48>=3.5," 4 ",IF(BE48>=2.5," 3 ",IF(BE48>=1.5," 2 ",IF(BE48>=1,"1 ",IF(BE48>=0,"0")))))) -> #DIV/0! | AH48: =AVERAGE(AC48:AG48) -> #DIV/0! | AN48: =AVERAGE(AI48:AM48) -> #DIV/0! | AT48: =AVERAGE(AO48:AS48) -> #DIV/0! | AW48: =IF(AU48>=85,"5",IF(AU48>=65,"4",IF(AU48>=55,"3",IF(AU48>=40,"2",IF(AU48>=1,"1",IF(AU48>="","0")))))) -> 0 | AX48: =IF(BJ48>=4.5, " 5 ", IF(BJ48>=3.5," 4 ",IF(BJ48>=2.5," 3 ",IF(BJ48>=1.5," 2 ",IF(BJ48>=1,"1 ",IF(BJ48>=0,"0")))))) -> #DIV/0! | AY48: =IF(BK48>=4.5, " 5 ", IF(BK48>=3.5," 4 ",IF(BK48>=2.5," 3 ",IF(BK48>=1.5," 2 ",IF(BK48>=1,"1 ",IF(BK48>=0,"0")))))) -> #DIV/0! | BA48: =$K48*$F$12 -> #DIV/0! | BB48: =$Q48*$L$12 -> #DIV/0! | BC48: =$W48*$R$12 -> #DIV/0! | BD48: =$Z48*$X$12 -> 0 | BE48: =BA48+BB48+BC48+BD48 -> #DIV/0! | BF48: =$AH48*$AC$12 -> #DIV/0! | BG48: =$AN48*$AI$12 -> #DIV/0! | BH48: =$AT48*$AO$12 -> #DIV/0! | BI48: =$AW48*$AU$12 -> 0 | BJ48: =(BF48+BG48+BH48+BI48) -> #DIV/0! | BK48: =(BE48+BJ48)/2 -> #DIV/0! | BO48: =(BE48+BJ48)/2 -> #DIV/0!
A49: 19 | E49: 1 | K49: =AVERAGE(F49:J49) -> #DIV/0! | Q49: =AVERAGE(L49:P49) -> #DIV/0! | W49: =AVERAGE(R49:V49) -> #DIV/0! | Z49: =IF(X49>=85,"5",IF(X49>=65,"4",IF(X49>=55,"3",IF(X49>=40,"2",IF(X49>=1,"1",IF(X49>="","0")))))) -> 0 | AA49: =IF(BE49>=4.5, " 5 ", IF(BE49>=3.5," 4 ",IF(BE49>=2.5," 3 ",IF(BE49>=1.5," 2 ",IF(BE49>=1,"1 ",IF(BE49>=0,"0")))))) -> #DIV/0! | AH49: =AVERAGE(AC49:AG49) -> #DIV/0! | AN49: =AVERAGE(AI49:AM49) -> #DIV/0! | AT49: =AVERAGE(AO49:AS49) -> #DIV/0! | AW49: =IF(AU49>=85,"5",IF(AU49>=65,"4",IF(AU49>=55,"3",IF(AU49>=40,"2",IF(AU49>=1,"1",IF(AU49>="","0")))))) -> 0 | AX49: =IF(BJ49>=4.5, " 5 ", IF(BJ49>=3.5," 4 ",IF(BJ49>=2.5," 3 ",IF(BJ49>=1.5," 2 ",IF(BJ49>=1,"1 ",IF(BJ49>=0,"0")))))) -> #DIV/0! | AY49: =IF(BK49>=4.5, " 5 ", IF(BK49>=3.5," 4 ",IF(BK49>=2.5," 3 ",IF(BK49>=1.5," 2 ",IF(BK49>=1,"1 ",IF(BK49>=0,"0")))))) -> #DIV/0! | AZ49: =IF(BP49>=4.5, " 5 ", IF(BP49>=3.5," 4 ",IF(BP49>=2.5," 3 ",IF(BP49>=1.5," 2 ",IF(BP49>=1,"1 ",IF(BP49>=0,"0")))))) -> #DIV/0! | BA49: =$K49*$F$12 -> #DIV/0! | BB49: =$Q49*$L$12 -> #DIV/0! | BC49: =$W49*$R$12 -> #DIV/0! | BD49: =$Z49*$X$12 -> 0 | BE49: =BA49+BB49+BC49+BD49 -> #DIV/0! | BF49: =$AH49*$AC$12 -> #DIV/0! | BG49: =$AN49*$AI$12 -> #DIV/0! | BH49: =$AT49*$AO$12 -> #DIV/0! | BI49: =$AW49*$AU$12 -> 0 | BJ49: =(BF49+BG49+BH49+BI49) -> #DIV/0! | BK49: =(BE49+BJ49)/2 -> #DIV/0! | BL49: =(BE49+BJ49)/2 -> #DIV/0! | BM49: =ROUND(BL49,) -> #DIV/0! | BN49: =ROUND(BO50,) -> #DIV/0! | BO49: =(BE49+BJ49)/2 -> #DIV/0! | BP49: =(AY49+AY50)/2 -> #DIV/0!
E50: 2 | K50: =AVERAGE(F50:J50) -> #DIV/0! | Q50: =AVERAGE(L50:P50) -> #DIV/0! | W50: =AVERAGE(R50:V50) -> #DIV/0! | Z50: =IF(X50>=85,"5",IF(X50>=65,"4",IF(X50>=55,"3",IF(X50>=40,"2",IF(X50>=1,"1",IF(X50>="","0")))))) -> 0 | AA50: =IF(BE50>=4.5, " 5 ", IF(BE50>=3.5," 4 ",IF(BE50>=2.5," 3 ",IF(BE50>=1.5," 2 ",IF(BE50>=1,"1 ",IF(BE50>=0,"0")))))) -> #DIV/0! | AH50: =AVERAGE(AC50:AG50) -> #DIV/0! | AN50: =AVERAGE(AI50:AM50) -> #DIV/0! | AT50: =AVERAGE(AO50:AS50) -> #DIV/0! | AW50: =IF(AU50>=85,"5",IF(AU50>=65,"4",IF(AU50>=55,"3",IF(AU50>=40,"2",IF(AU50>=1,"1",IF(AU50>="","0")))))) -> 0 | AX50: =IF(BJ50>=4.5, " 5 ", IF(BJ50>=3.5," 4 ",IF(BJ50>=2.5," 3 ",IF(BJ50>=1.5," 2 ",IF(BJ50>=1,"1 ",IF(BJ50>=0,"0")))))) -> #DIV/0! | AY50: =IF(BK50>=4.5, " 5 ", IF(BK50>=3.5," 4 ",IF(BK50>=2.5," 3 ",IF(BK50>=1.5," 2 ",IF(BK50>=1,"1 ",IF(BK50>=0,"0")))))) -> #DIV/0! | BA50: =$K50*$F$12 -> #DIV/0! | BB50: =$Q50*$L$12 -> #DIV/0! | BC50: =$W50*$R$12 -> #DIV/0! | BD50: =$Z50*$X$12 -> 0 | BE50: =BA50+BB50+BC50+BD50 -> #DIV/0! | BF50: =$AH50*$AC$12 -> #DIV/0! | BG50: =$AN50*$AI$12 -> #DIV/0! | BH50: =$AT50*$AO$12 -> #DIV/0! | BI50: =$AW50*$AU$12 -> 0 | BJ50: =(BF50+BG50+BH50+BI50) -> #DIV/0! | BK50: =(BE50+BJ50)/2 -> #DIV/0! | BO50: =(BE50+BJ50)/2 -> #DIV/0!
A51: 20 | E51: 1 | K51: =AVERAGE(F51:J51) -> #DIV/0! | Q51: =AVERAGE(L51:P51) -> #DIV/0! | W51: =AVERAGE(R51:V51) -> #DIV/0! | Z51: =IF(X51>=85,"5",IF(X51>=65,"4",IF(X51>=55,"3",IF(X51>=40,"2",IF(X51>=1,"1",IF(X51>="","0")))))) -> 0 | AA51: =IF(BE51>=4.5, " 5 ", IF(BE51>=3.5," 4 ",IF(BE51>=2.5," 3 ",IF(BE51>=1.5," 2 ",IF(BE51>=1,"1 ",IF(BE51>=0,"0")))))) -> #DIV/0! | AH51: =AVERAGE(AC51:AG51) -> #DIV/0! | AN51: =AVERAGE(AI51:AM51) -> #DIV/0! | AT51: =AVERAGE(AO51:AS51) -> #DIV/0! | AW51: =IF(AU51>=85,"5",IF(AU51>=65,"4",IF(AU51>=55,"3",IF(AU51>=40,"2",IF(AU51>=1,"1",IF(AU51>="","0")))))) -> 0 | AX51: =IF(BJ51>=4.5, " 5 ", IF(BJ51>=3.5," 4 ",IF(BJ51>=2.5," 3 ",IF(BJ51>=1.5," 2 ",IF(BJ51>=1,"1 ",IF(BJ51>=0,"0")))))) -> #DIV/0! | AY51: =IF(BK51>=4.5, " 5 ", IF(BK51>=3.5," 4 ",IF(BK51>=2.5," 3 ",IF(BK51>=1.5," 2 ",IF(BK51>=1,"1 ",IF(BK51>=0,"0")))))) -> #DIV/0! | AZ51: =IF(BP51>=4.5, " 5 ", IF(BP51>=3.5," 4 ",IF(BP51>=2.5," 3 ",IF(BP51>=1.5," 2 ",IF(BP51>=1,"1 ",IF(BP51>=0,"0")))))) -> #DIV/0! | BA51: =$K51*$F$12 -> #DIV/0! | BB51: =$Q51*$L$12 -> #DIV/0! | BC51: =$W51*$R$12 -> #DIV/0! | BD51: =$Z51*$X$12 -> 0 | BE51: =BA51+BB51+BC51+BD51 -> #DIV/0! | BF51: =$AH51*$AC$12 -> #DIV/0! | BG51: =$AN51*$AI$12 -> #DIV/0! | BH51: =$AT51*$AO$12 -> #DIV/0! | BI51: =$AW51*$AU$12 -> 0 | BJ51: =(BF51+BG51+BH51+BI51) -> #DIV/0! | BK51: =(BE51+BJ51)/2 -> #DIV/0! | BL51: =(BE51+BJ51)/2 -> #DIV/0! | BM51: =ROUND(BL51,) -> #DIV/0! | BN51: =ROUND(BO52,) -> #DIV/0! | BO51: =(BE51+BJ51)/2 -> #DIV/0! | BP51: =(AY51+AY52)/2 -> #DIV/0!
E52: 2 | K52: =AVERAGE(F52:J52) -> #DIV/0! | Q52: =AVERAGE(L52:P52) -> #DIV/0! | W52: =AVERAGE(R52:V52) -> #DIV/0! | Z52: =IF(X52>=85,"5",IF(X52>=65,"4",IF(X52>=55,"3",IF(X52>=40,"2",IF(X52>=1,"1",IF(X52>="","0")))))) -> 0 | AA52: =IF(BE52>=4.5, " 5 ", IF(BE52>=3.5," 4 ",IF(BE52>=2.5," 3 ",IF(BE52>=1.5," 2 ",IF(BE52>=1,"1 ",IF(BE52>=0,"0")))))) -> #DIV/0! | AH52: =AVERAGE(AC52:AG52) -> #DIV/0! | AN52: =AVERAGE(AI52:AM52) -> #DIV/0! | AT52: =AVERAGE(AO52:AS52) -> #DIV/0! | AW52: =IF(AU52>=85,"5",IF(AU52>=65,"4",IF(AU52>=55,"3",IF(AU52>=40,"2",IF(AU52>=1,"1",IF(AU52>="","0")))))) -> 0 | AX52: =IF(BJ52>=4.5, " 5 ", IF(BJ52>=3.5," 4 ",IF(BJ52>=2.5," 3 ",IF(BJ52>=1.5," 2 ",IF(BJ52>=1,"1 ",IF(BJ52>=0,"0")))))) -> #DIV/0! | AY52: =IF(BK52>=4.5, " 5 ", IF(BK52>=3.5," 4 ",IF(BK52>=2.5," 3 ",IF(BK52>=1.5," 2 ",IF(BK52>=1,"1 ",IF(BK52>=0,"0")))))) -> #DIV/0! | BA52: =$K52*$F$12 -> #DIV/0! | BB52: =$Q52*$L$12 -> #DIV/0! | BC52: =$W52*$R$12 -> #DIV/0! | BD52: =$Z52*$X$12 -> 0 | BE52: =BA52+BB52+BC52+BD52 -> #DIV/0! | BF52: =$AH52*$AC$12 -> #DIV/0! | BG52: =$AN52*$AI$12 -> #DIV/0! | BH52: =$AT52*$AO$12 -> #DIV/0! | BI52: =$AW52*$AU$12 -> 0 | BJ52: =(BF52+BG52+BH52+BI52) -> #DIV/0! | BK52: =(BE52+BJ52)/2 -> #DIV/0! | BO52: =(BE52+BJ52)/2 -> #DIV/0!
A53: 21 | E53: 1 | K53: =AVERAGE(F53:J53) -> #DIV/0! | Q53: =AVERAGE(L53:P53) -> #DIV/0! | W53: =AVERAGE(R53:V53) -> #DIV/0! | Z53: =IF(X53>=85,"5",IF(X53>=65,"4",IF(X53>=55,"3",IF(X53>=40,"2",IF(X53>=1,"1",IF(X53>="","0")))))) -> 0 | AA53: =IF(BE53>=4.5, " 5 ", IF(BE53>=3.5," 4 ",IF(BE53>=2.5," 3 ",IF(BE53>=1.5," 2 ",IF(BE53>=1,"1 ",IF(BE53>=0,"0")))))) -> #DIV/0! | AH53: =AVERAGE(AC53:AG53) -> #DIV/0! | AN53: =AVERAGE(AI53:AM53) -> #DIV/0! | AT53: =AVERAGE(AO53:AS53) -> #DIV/0! | AW53: =IF(AU53>=85,"5",IF(AU53>=65,"4",IF(AU53>=55,"3",IF(AU53>=40,"2",IF(AU53>=1,"1",IF(AU53>="","0")))))) -> 0 | AX53: =IF(BJ53>=4.5, " 5 ", IF(BJ53>=3.5," 4 ",IF(BJ53>=2.5," 3 ",IF(BJ53>=1.5," 2 ",IF(BJ53>=1,"1 ",IF(BJ53>=0,"0")))))) -> #DIV/0! | AY53: =IF(BK53>=4.5, " 5 ", IF(BK53>=3.5," 4 ",IF(BK53>=2.5," 3 ",IF(BK53>=1.5," 2 ",IF(BK53>=1,"1 ",IF(BK53>=0,"0")))))) -> #DIV/0! | AZ53: =IF(BP53>=4.5, " 5 ", IF(BP53>=3.5," 4 ",IF(BP53>=2.5," 3 ",IF(BP53>=1.5," 2 ",IF(BP53>=1,"1 ",IF(BP53>=0,"0")))))) -> #DIV/0! | BA53: =$K53*$F$12 -> #DIV/0! | BB53: =$Q53*$L$12 -> #DIV/0! | BC53: =$W53*$R$12 -> #DIV/0! | BD53: =$Z53*$X$12 -> 0 | BE53: =BA53+BB53+BC53+BD53 -> #DIV/0! | BF53: =$AH53*$AC$12 -> #DIV/0! | BG53: =$AN53*$AI$12 -> #DIV/0! | BH53: =$AT53*$AO$12 -> #DIV/0! | BI53: =$AW53*$AU$12 -> 0 | BJ53: =(BF53+BG53+BH53+BI53) -> #DIV/0! | BK53: =(BE53+BJ53)/2 -> #DIV/0! | BL53: =(BE53+BJ53)/2 -> #DIV/0! | BM53: =ROUND(BL53,) -> #DIV/0! | BN53: =ROUND(BO54,) -> #DIV/0! | BO53: =(BE53+BJ53)/2 -> #DIV/0! | BP53: =(AY53+AY54)/2 -> #DIV/0!
E54: 2 | K54: =AVERAGE(F54:J54) -> #DIV/0! | Q54: =AVERAGE(L54:P54) -> #DIV/0! | W54: =AVERAGE(R54:V54) -> #DIV/0! | Z54: =IF(X54>=85,"5",IF(X54>=65,"4",IF(X54>=55,"3",IF(X54>=40,"2",IF(X54>=1,"1",IF(X54>="","0")))))) -> 0 | AA54: =IF(BE54>=4.5, " 5 ", IF(BE54>=3.5," 4 ",IF(BE54>=2.5," 3 ",IF(BE54>=1.5," 2 ",IF(BE54>=1,"1 ",IF(BE54>=0,"0")))))) -> #DIV/0! | AH54: =AVERAGE(AC54:AG54) -> #DIV/0! | AN54: =AVERAGE(AI54:AM54) -> #DIV/0! | AT54: =AVERAGE(AO54:AS54) -> #DIV/0! | AW54: =IF(AU54>=85,"5",IF(AU54>=65,"4",IF(AU54>=55,"3",IF(AU54>=40,"2",IF(AU54>=1,"1",IF(AU54>="","0")))))) -> 0 | AX54: =IF(BJ54>=4.5, " 5 ", IF(BJ54>=3.5," 4 ",IF(BJ54>=2.5," 3 ",IF(BJ54>=1.5," 2 ",IF(BJ54>=1,"1 ",IF(BJ54>=0,"0")))))) -> #DIV/0! | AY54: =IF(BK54>=4.5, " 5 ", IF(BK54>=3.5," 4 ",IF(BK54>=2.5," 3 ",IF(BK54>=1.5," 2 ",IF(BK54>=1,"1 ",IF(BK54>=0,"0")))))) -> #DIV/0! | BA54: =$K54*$F$12 -> #DIV/0! | BB54: =$Q54*$L$12 -> #DIV/0! | BC54: =$W54*$R$12 -> #DIV/0! | BD54: =$Z54*$X$12 -> 0 | BE54: =BA54+BB54+BC54+BD54 -> #DIV/0! | BF54: =$AH54*$AC$12 -> #DIV/0! | BG54: =$AN54*$AI$12 -> #DIV/0! | BH54: =$AT54*$AO$12 -> #DIV/0! | BI54: =$AW54*$AU$12 -> 0 | BJ54: =(BF54+BG54+BH54+BI54) -> #DIV/0! | BK54: =(BE54+BJ54)/2 -> #DIV/0! | BO54: =(BE54+BJ54)/2 -> #DIV/0!
A55: 22 | E55: 1 | K55: =AVERAGE(F55:J55) -> #DIV/0! | Q55: =AVERAGE(L55:P55) -> #DIV/0! | W55: =AVERAGE(R55:V55) -> #DIV/0! | Z55: =IF(X55>=85,"5",IF(X55>=65,"4",IF(X55>=55,"3",IF(X55>=40,"2",IF(X55>=1,"1",IF(X55>="","0")))))) -> 0 | AA55: =IF(BE55>=4.5, " 5 ", IF(BE55>=3.5," 4 ",IF(BE55>=2.5," 3 ",IF(BE55>=1.5," 2 ",IF(BE55>=1,"1 ",IF(BE55>=0,"0")))))) -> #DIV/0! | AH55: =AVERAGE(AC55:AG55) -> #DIV/0! | AN55: =AVERAGE(AI55:AM55) -> #DIV/0! | AT55: =AVERAGE(AO55:AS55) -> #DIV/0! | AW55: =IF(AU55>=85,"5",IF(AU55>=65,"4",IF(AU55>=55,"3",IF(AU55>=40,"2",IF(AU55>=1,"1",IF(AU55>="","0")))))) -> 0 | AX55: =IF(BJ55>=4.5, " 5 ", IF(BJ55>=3.5," 4 ",IF(BJ55>=2.5," 3 ",IF(BJ55>=1.5," 2 ",IF(BJ55>=1,"1 ",IF(BJ55>=0,"0")))))) -> #DIV/0! | AY55: =IF(BK55>=4.5, " 5 ", IF(BK55>=3.5," 4 ",IF(BK55>=2.5," 3 ",IF(BK55>=1.5," 2 ",IF(BK55>=1,"1 ",IF(BK55>=0,"0")))))) -> #DIV/0! | AZ55: =IF(BP55>=4.5, " 5 ", IF(BP55>=3.5," 4 ",IF(BP55>=2.5," 3 ",IF(BP55>=1.5," 2 ",IF(BP55>=1,"1 ",IF(BP55>=0,"0")))))) -> #DIV/0! | BA55: =$K55*$F$12 -> #DIV/0! | BB55: =$Q55*$L$12 -> #DIV/0! | BC55: =$W55*$R$12 -> #DIV/0! | BD55: =$Z55*$X$12 -> 0 | BE55: =BA55+BB55+BC55+BD55 -> #DIV/0! | BF55: =$AH55*$AC$12 -> #DIV/0! | BG55: =$AN55*$AI$12 -> #DIV/0! | BH55: =$AT55*$AO$12 -> #DIV/0! | BI55: =$AW55*$AU$12 -> 0 | BJ55: =(BF55+BG55+BH55+BI55) -> #DIV/0! | BK55: =(BE55+BJ55)/2 -> #DIV/0! | BL55: =(BE55+BJ55)/2 -> #DIV/0! | BM55: =ROUND(BL55,) -> #DIV/0! | BN55: =ROUND(BO56,) -> #DIV/0! | BO55: =(BE55+BJ55)/2 -> #DIV/0! | BP55: =(AY55+AY56)/2 -> #DIV/0!
E56: 2 | K56: =AVERAGE(F56:J56) -> #DIV/0! | Q56: =AVERAGE(L56:P56) -> #DIV/0! | W56: =AVERAGE(R56:V56) -> #DIV/0! | Z56: =IF(X56>=85,"5",IF(X56>=65,"4",IF(X56>=55,"3",IF(X56>=40,"2",IF(X56>=1,"1",IF(X56>="","0")))))) -> 0 | AA56: =IF(BE56>=4.5, " 5 ", IF(BE56>=3.5," 4 ",IF(BE56>=2.5," 3 ",IF(BE56>=1.5," 2 ",IF(BE56>=1,"1 ",IF(BE56>=0,"0")))))) -> #DIV/0! | AH56: =AVERAGE(AC56:AG56) -> #DIV/0! | AN56: =AVERAGE(AI56:AM56) -> #DIV/0! | AT56: =AVERAGE(AO56:AS56) -> #DIV/0! | AW56: =IF(AU56>=85,"5",IF(AU56>=65,"4",IF(AU56>=55,"3",IF(AU56>=40,"2",IF(AU56>=1,"1",IF(AU56>="","0")))))) -> 0 | AX56: =IF(BJ56>=4.5, " 5 ", IF(BJ56>=3.5," 4 ",IF(BJ56>=2.5," 3 ",IF(BJ56>=1.5," 2 ",IF(BJ56>=1,"1 ",IF(BJ56>=0,"0")))))) -> #DIV/0! | AY56: =IF(BK56>=4.5, " 5 ", IF(BK56>=3.5," 4 ",IF(BK56>=2.5," 3 ",IF(BK56>=1.5," 2 ",IF(BK56>=1,"1 ",IF(BK56>=0,"0")))))) -> #DIV/0! | BA56: =$K56*$F$12 -> #DIV/0! | BB56: =$Q56*$L$12 -> #DIV/0! | BC56: =$W56*$R$12 -> #DIV/0! | BD56: =$Z56*$X$12 -> 0 | BE56: =BA56+BB56+BC56+BD56 -> #DIV/0! | BF56: =$AH56*$AC$12 -> #DIV/0! | BG56: =$AN56*$AI$12 -> #DIV/0! | BH56: =$AT56*$AO$12 -> #DIV/0! | BI56: =$AW56*$AU$12 -> 0 | BJ56: =(BF56+BG56+BH56+BI56) -> #DIV/0! | BK56: =(BE56+BJ56)/2 -> #DIV/0! | BO56: =(BE56+BJ56)/2 -> #DIV/0!
A57: 23 | E57: 1 | K57: =AVERAGE(F57:J57) -> #DIV/0! | Q57: =AVERAGE(L57:P57) -> #DIV/0! | W57: =AVERAGE(R57:V57) -> #DIV/0! | Z57: =IF(X57>=85,"5",IF(X57>=65,"4",IF(X57>=55,"3",IF(X57>=40,"2",IF(X57>=1,"1",IF(X57>="","0")))))) -> 0 | AA57: =IF(BE57>=4.5, " 5 ", IF(BE57>=3.5," 4 ",IF(BE57>=2.5," 3 ",IF(BE57>=1.5," 2 ",IF(BE57>=1,"1 ",IF(BE57>=0,"0")))))) -> #DIV/0! | AH57: =AVERAGE(AC57:AG57) -> #DIV/0! | AN57: =AVERAGE(AI57:AM57) -> #DIV/0! | AT57: =AVERAGE(AO57:AS57) -> #DIV/0! | AW57: =IF(AU57>=85,"5",IF(AU57>=65,"4",IF(AU57>=55,"3",IF(AU57>=40,"2",IF(AU57>=1,"1",IF(AU57>="","0")))))) -> 0 | AX57: =IF(BJ57>=4.5, " 5 ", IF(BJ57>=3.5," 4 ",IF(BJ57>=2.5," 3 ",IF(BJ57>=1.5," 2 ",IF(BJ57>=1,"1 ",IF(BJ57>=0,"0")))))) -> #DIV/0! | AY57: =IF(BK57>=4.5, " 5 ", IF(BK57>=3.5," 4 ",IF(BK57>=2.5," 3 ",IF(BK57>=1.5," 2 ",IF(BK57>=1,"1 ",IF(BK57>=0,"0")))))) -> #DIV/0! | AZ57: =IF(BP57>=4.5, " 5 ", IF(BP57>=3.5," 4 ",IF(BP57>=2.5," 3 ",IF(BP57>=1.5," 2 ",IF(BP57>=1,"1 ",IF(BP57>=0,"0")))))) -> #DIV/0! | BA57: =$K57*$F$12 -> #DIV/0! | BB57: =$Q57*$L$12 -> #DIV/0! | BC57: =$W57*$R$12 -> #DIV/0! | BD57: =$Z57*$X$12 -> 0 | BE57: =BA57+BB57+BC57+BD57 -> #DIV/0! | BF57: =$AH57*$AC$12 -> #DIV/0! | BG57: =$AN57*$AI$12 -> #DIV/0! | BH57: =$AT57*$AO$12 -> #DIV/0! | BI57: =$AW57*$AU$12 -> 0 | BJ57: =(BF57+BG57+BH57+BI57) -> #DIV/0! | BK57: =(BE57+BJ57)/2 -> #DIV/0! | BL57: =(BE57+BJ57)/2 -> #DIV/0! | BM57: =ROUND(BL57,) -> #DIV/0! | BN57: =ROUND(BO58,) -> #DIV/0! | BO57: =(BE57+BJ57)/2 -> #DIV/0! | BP57: =(AY57+AY58)/2 -> #DIV/0!
E58: 2 | K58: =AVERAGE(F58:J58) -> #DIV/0! | Q58: =AVERAGE(L58:P58) -> #DIV/0! | W58: =AVERAGE(R58:V58) -> #DIV/0! | Z58: =IF(X58>=85,"5",IF(X58>=65,"4",IF(X58>=55,"3",IF(X58>=40,"2",IF(X58>=1,"1",IF(X58>="","0")))))) -> 0 | AA58: =IF(BE58>=4.5, " 5 ", IF(BE58>=3.5," 4 ",IF(BE58>=2.5," 3 ",IF(BE58>=1.5," 2 ",IF(BE58>=1,"1 ",IF(BE58>=0,"0")))))) -> #DIV/0! | AH58: =AVERAGE(AC58:AG58) -> #DIV/0! | AN58: =AVERAGE(AI58:AM58) -> #DIV/0! | AT58: =AVERAGE(AO58:AS58) -> #DIV/0! | AW58: =IF(AU58>=85,"5",IF(AU58>=65,"4",IF(AU58>=55,"3",IF(AU58>=40,"2",IF(AU58>=1,"1",IF(AU58>="","0")))))) -> 0 | AX58: =IF(BJ58>=4.5, " 5 ", IF(BJ58>=3.5," 4 ",IF(BJ58>=2.5," 3 ",IF(BJ58>=1.5," 2 ",IF(BJ58>=1,"1 ",IF(BJ58>=0,"0")))))) -> #DIV/0! | AY58: =IF(BK58>=4.5, " 5 ", IF(BK58>=3.5," 4 ",IF(BK58>=2.5," 3 ",IF(BK58>=1.5," 2 ",IF(BK58>=1,"1 ",IF(BK58>=0,"0")))))) -> #DIV/0! | BA58: =$K58*$F$12 -> #DIV/0! | BB58: =$Q58*$L$12 -> #DIV/0! | BC58: =$W58*$R$12 -> #DIV/0! | BD58: =$Z58*$X$12 -> 0 | BE58: =BA58+BB58+BC58+BD58 -> #DIV/0! | BF58: =$AH58*$AC$12 -> #DIV/0! | BG58: =$AN58*$AI$12 -> #DIV/0! | BH58: =$AT58*$AO$12 -> #DIV/0! | BI58: =$AW58*$AU$12 -> 0 | BJ58: =(BF58+BG58+BH58+BI58) -> #DIV/0! | BK58: =(BE58+BJ58)/2 -> #DIV/0! | BO58: =(BE58+BJ58)/2 -> #DIV/0!
A59: 24 | E59: 1 | K59: =AVERAGE(F59:J59) -> #DIV/0! | Q59: =AVERAGE(L59:P59) -> #DIV/0! | W59: =AVERAGE(R59:V59) -> #DIV/0! | Z59: =IF(X59>=85,"5",IF(X59>=65,"4",IF(X59>=55,"3",IF(X59>=40,"2",IF(X59>=1,"1",IF(X59>="","0")))))) -> 0 | AA59: =IF(BE59>=4.5, " 5 ", IF(BE59>=3.5," 4 ",IF(BE59>=2.5," 3 ",IF(BE59>=1.5," 2 ",IF(BE59>=1,"1 ",IF(BE59>=0,"0")))))) -> #DIV/0! | AH59: =AVERAGE(AC59:AG59) -> #DIV/0! | AN59: =AVERAGE(AI59:AM59) -> #DIV/0! | AT59: =AVERAGE(AO59:AS59) -> #DIV/0! | AW59: =IF(AU59>=85,"5",IF(AU59>=65,"4",IF(AU59>=55,"3",IF(AU59>=40,"2",IF(AU59>=1,"1",IF(AU59>="","0")))))) -> 0 | AX59: =IF(BJ59>=4.5, " 5 ", IF(BJ59>=3.5," 4 ",IF(BJ59>=2.5," 3 ",IF(BJ59>=1.5," 2 ",IF(BJ59>=1,"1 ",IF(BJ59>=0,"0")))))) -> #DIV/0! | AY59: =IF(BK59>=4.5, " 5 ", IF(BK59>=3.5," 4 ",IF(BK59>=2.5," 3 ",IF(BK59>=1.5," 2 ",IF(BK59>=1,"1 ",IF(BK59>=0,"0")))))) -> #DIV/0! | AZ59: =IF(BP59>=4.5, " 5 ", IF(BP59>=3.5," 4 ",IF(BP59>=2.5," 3 ",IF(BP59>=1.5," 2 ",IF(BP59>=1,"1 ",IF(BP59>=0,"0")))))) -> #DIV/0! | BA59: =$K59*$F$12 -> #DIV/0! | BB59: =$Q59*$L$12 -> #DIV/0! | BC59: =$W59*$R$12 -> #DIV/0! | BD59: =$Z59*$X$12 -> 0 | BE59: =BA59+BB59+BC59+BD59 -> #DIV/0! | BF59: =$AH59*$AC$12 -> #DIV/0! | BG59: =$AN59*$AI$12 -> #DIV/0! | BH59: =$AT59*$AO$12 -> #DIV/0! | BI59: =$AW59*$AU$12 -> 0 | BJ59: =(BF59+BG59+BH59+BI59) -> #DIV/0! | BK59: =(BE59+BJ59)/2 -> #DIV/0! | BL59: =(BE59+BJ59)/2 -> #DIV/0! | BM59: =ROUND(BL59,) -> #DIV/0! | BN59: =ROUND(BO60,) -> #DIV/0! | BO59: =(BE59+BJ59)/2 -> #DIV/0! | BP59: =(AY59+AY60)/2 -> #DIV/0!
E60: 2 | K60: =AVERAGE(F60:J60) -> #DIV/0! | Q60: =AVERAGE(L60:P60) -> #DIV/0! | W60: =AVERAGE(R60:V60) -> #DIV/0! | Z60: =IF(X60>=85,"5",IF(X60>=65,"4",IF(X60>=55,"3",IF(X60>=40,"2",IF(X60>=1,"1",IF(X60>="","0")))))) -> 0 | AA60: =IF(BE60>=4.5, " 5 ", IF(BE60>=3.5," 4 ",IF(BE60>=2.5," 3 ",IF(BE60>=1.5," 2 ",IF(BE60>=1,"1 ",IF(BE60>=0,"0")))))) -> #DIV/0! | AH60: =AVERAGE(AC60:AG60) -> #DIV/0! | AN60: =AVERAGE(AI60:AM60) -> #DIV/0! | AT60: =AVERAGE(AO60:AS60) -> #DIV/0! | AW60: =IF(AU60>=85,"5",IF(AU60>=65,"4",IF(AU60>=55,"3",IF(AU60>=40,"2",IF(AU60>=1,"1",IF(AU60>="","0")))))) -> 0 | AX60: =IF(BJ60>=4.5, " 5 ", IF(BJ60>=3.5," 4 ",IF(BJ60>=2.5," 3 ",IF(BJ60>=1.5," 2 ",IF(BJ60>=1,"1 ",IF(BJ60>=0,"0")))))) -> #DIV/0! | AY60: =IF(BK60>=4.5, " 5 ", IF(BK60>=3.5," 4 ",IF(BK60>=2.5," 3 ",IF(BK60>=1.5," 2 ",IF(BK60>=1,"1 ",IF(BK60>=0,"0")))))) -> #DIV/0! | BA60: =$K60*$F$12 -> #DIV/0! | BB60: =$Q60*$L$12 -> #DIV/0! | BC60: =$W60*$R$12 -> #DIV/0! | BD60: =$Z60*$X$12 -> 0 | BE60: =BA60+BB60+BC60+BD60 -> #DIV/0! | BF60: =$AH60*$AC$12 -> #DIV/0! | BG60: =$AN60*$AI$12 -> #DIV/0! | BH60: =$AT60*$AO$12 -> #DIV/0! | BI60: =$AW60*$AU$12 -> 0 | BJ60: =(BF60+BG60+BH60+BI60) -> #DIV/0! | BK60: =(BE60+BJ60)/2 -> #DIV/0! | BO60: =(BE60+BJ60)/2 -> #DIV/0!
A61: 25 | E61: 1 | K61: =AVERAGE(F61:J61) -> #DIV/0! | Q61: =AVERAGE(L61:P61) -> #DIV/0! | W61: =AVERAGE(R61:V61) -> #DIV/0! | Z61: =IF(X61>=85,"5",IF(X61>=65,"4",IF(X61>=55,"3",IF(X61>=40,"2",IF(X61>=1,"1",IF(X61>="","0")))))) -> 0 | AA61: =IF(BE61>=4.5, " 5 ", IF(BE61>=3.5," 4 ",IF(BE61>=2.5," 3 ",IF(BE61>=1.5," 2 ",IF(BE61>=1,"1 ",IF(BE61>=0,"0")))))) -> #DIV/0! | AH61: =AVERAGE(AC61:AG61) -> #DIV/0! | AN61: =AVERAGE(AI61:AM61) -> #DIV/0! | AT61: =AVERAGE(AO61:AS61) -> #DIV/0! | AW61: =IF(AU61>=85,"5",IF(AU61>=65,"4",IF(AU61>=55,"3",IF(AU61>=40,"2",IF(AU61>=1,"1",IF(AU61>="","0")))))) -> 0 | AX61: =IF(BJ61>=4.5, " 5 ", IF(BJ61>=3.5," 4 ",IF(BJ61>=2.5," 3 ",IF(BJ61>=1.5," 2 ",IF(BJ61>=1,"1 ",IF(BJ61>=0,"0")))))) -> #DIV/0! | AY61: =IF(BK61>=4.5, " 5 ", IF(BK61>=3.5," 4 ",IF(BK61>=2.5," 3 ",IF(BK61>=1.5," 2 ",IF(BK61>=1,"1 ",IF(BK61>=0,"0")))))) -> #DIV/0! | AZ61: =IF(BP61>=4.5, " 5 ", IF(BP61>=3.5," 4 ",IF(BP61>=2.5," 3 ",IF(BP61>=1.5," 2 ",IF(BP61>=1,"1 ",IF(BP61>=0,"0")))))) -> #DIV/0! | BA61: =$K61*$F$12 -> #DIV/0! | BB61: =$Q61*$L$12 -> #DIV/0! | BC61: =$W61*$R$12 -> #DIV/0! | BD61: =$Z61*$X$12 -> 0 | BE61: =BA61+BB61+BC61+BD61 -> #DIV/0! | BF61: =$AH61*$AC$12 -> #DIV/0! | BG61: =$AN61*$AI$12 -> #DIV/0! | BH61: =$AT61*$AO$12 -> #DIV/0! | BI61: =$AW61*$AU$12 -> 0 | BJ61: =(BF61+BG61+BH61+BI61) -> #DIV/0! | BK61: =(BE61+BJ61)/2 -> #DIV/0! | BL61: =(BE61+BJ61)/2 -> #DIV/0! | BM61: =ROUND(BL61,) -> #DIV/0! | BN61: =ROUND(BO62,) -> #DIV/0! | BO61: =(BE61+BJ61)/2 -> #DIV/0! | BP61: =(AY61+AY62)/2 -> #DIV/0!
E62: 2 | K62: =AVERAGE(F62:J62) -> #DIV/0! | Q62: =AVERAGE(L62:P62) -> #DIV/0! | W62: =AVERAGE(R62:V62) -> #DIV/0! | Z62: =IF(X62>=85,"5",IF(X62>=65,"4",IF(X62>=55,"3",IF(X62>=40,"2",IF(X62>=1,"1",IF(X62>="","0")))))) -> 0 | AA62: =IF(BE62>=4.5, " 5 ", IF(BE62>=3.5," 4 ",IF(BE62>=2.5," 3 ",IF(BE62>=1.5," 2 ",IF(BE62>=1,"1 ",IF(BE62>=0,"0")))))) -> #DIV/0! | AH62: =AVERAGE(AC62:AG62) -> #DIV/0! | AN62: =AVERAGE(AI62:AM62) -> #DIV/0! | AT62: =AVERAGE(AO62:AS62) -> #DIV/0! | AW62: =IF(AU62>=85,"5",IF(AU62>=65,"4",IF(AU62>=55,"3",IF(AU62>=40,"2",IF(AU62>=1,"1",IF(AU62>="","0")))))) -> 0 | AX62: =IF(BJ62>=4.5, " 5 ", IF(BJ62>=3.5," 4 ",IF(BJ62>=2.5," 3 ",IF(BJ62>=1.5," 2 ",IF(BJ62>=1,"1 ",IF(BJ62>=0,"0")))))) -> #DIV/0! | AY62: =IF(BK62>=4.5, " 5 ", IF(BK62>=3.5," 4 ",IF(BK62>=2.5," 3 ",IF(BK62>=1.5," 2 ",IF(BK62>=1,"1 ",IF(BK62>=0,"0")))))) -> #DIV/0! | BA62: =$K62*$F$12 -> #DIV/0! | BB62: =$Q62*$L$12 -> #DIV/0! | BC62: =$W62*$R$12 -> #DIV/0! | BD62: =$Z62*$X$12 -> 0 | BE62: =BA62+BB62+BC62+BD62 -> #DIV/0! | BF62: =$AH62*$AC$12 -> #DIV/0! | BG62: =$AN62*$AI$12 -> #DIV/0! | BH62: =$AT62*$AO$12 -> #DIV/0! | BI62: =$AW62*$AU$12 -> 0 | BJ62: =(BF62+BG62+BH62+BI62) -> #DIV/0! | BK62: =(BE62+BJ62)/2 -> #DIV/0! | BO62: =(BE62+BJ62)/2 -> #DIV/0!
A63: 26 | E63: 1 | K63: =AVERAGE(F63:J63) -> #DIV/0! | Q63: =AVERAGE(L63:P63) -> #DIV/0! | W63: =AVERAGE(R63:V63) -> #DIV/0! | Z63: =IF(X63>=85,"5",IF(X63>=65,"4",IF(X63>=55,"3",IF(X63>=40,"2",IF(X63>=1,"1",IF(X63>="","0")))))) -> 0 | AA63: =IF(BE63>=4.5, " 5 ", IF(BE63>=3.5," 4 ",IF(BE63>=2.5," 3 ",IF(BE63>=1.5," 2 ",IF(BE63>=1,"1 ",IF(BE63>=0,"0")))))) -> #DIV/0! | AH63: =AVERAGE(AC63:AG63) -> #DIV/0! | AN63: =AVERAGE(AI63:AM63) -> #DIV/0! | AT63: =AVERAGE(AO63:AS63) -> #DIV/0! | AW63: =IF(AU63>=85,"5",IF(AU63>=65,"4",IF(AU63>=55,"3",IF(AU63>=40,"2",IF(AU63>=1,"1",IF(AU63>="","0")))))) -> 0 | AX63: =IF(BJ63>=4.5, " 5 ", IF(BJ63>=3.5," 4 ",IF(BJ63>=2.5," 3 ",IF(BJ63>=1.5," 2 ",IF(BJ63>=1,"1 ",IF(BJ63>=0,"0")))))) -> #DIV/0! | AY63: =IF(BK63>=4.5, " 5 ", IF(BK63>=3.5," 4 ",IF(BK63>=2.5," 3 ",IF(BK63>=1.5," 2 ",IF(BK63>=1,"1 ",IF(BK63>=0,"0")))))) -> #DIV/0! | AZ63: =IF(BP63>=4.5, " 5 ", IF(BP63>=3.5," 4 ",IF(BP63>=2.5," 3 ",IF(BP63>=1.5," 2 ",IF(BP63>=1,"1 ",IF(BP63>=0,"0")))))) -> #DIV/0! | BA63: =$K63*$F$12 -> #DIV/0! | BB63: =$Q63*$L$12 -> #DIV/0! | BC63: =$W63*$R$12 -> #DIV/0! | BD63: =$Z63*$X$12 -> 0 | BE63: =BA63+BB63+BC63+BD63 -> #DIV/0! | BF63: =$AH63*$AC$12 -> #DIV/0! | BG63: =$AN63*$AI$12 -> #DIV/0! | BH63: =$AT63*$AO$12 -> #DIV/0! | BI63: =$AW63*$AU$12 -> 0 | BJ63: =(BF63+BG63+BH63+BI63) -> #DIV/0! | BK63: =(BE63+BJ63)/2 -> #DIV/0! | BL63: =(BE63+BJ63)/2 -> #DIV/0! | BM63: =ROUND(BL63,) -> #DIV/0! | BN63: =ROUND(BO64,) -> #DIV/0! | BO63: =(BE63+BJ63)/2 -> #DIV/0! | BP63: =(AY63+AY64)/2 -> #DIV/0!
E64: 2 | K64: =AVERAGE(F64:J64) -> #DIV/0! | Q64: =AVERAGE(L64:P64) -> #DIV/0! | W64: =AVERAGE(R64:V64) -> #DIV/0! | Z64: =IF(X64>=85,"5",IF(X64>=65,"4",IF(X64>=55,"3",IF(X64>=40,"2",IF(X64>=1,"1",IF(X64>="","0")))))) -> 0 | AA64: =IF(BE64>=4.5, " 5 ", IF(BE64>=3.5," 4 ",IF(BE64>=2.5," 3 ",IF(BE64>=1.5," 2 ",IF(BE64>=1,"1 ",IF(BE64>=0,"0")))))) -> #DIV/0! | AH64: =AVERAGE(AC64:AG64) -> #DIV/0! | AN64: =AVERAGE(AI64:AM64) -> #DIV/0! | AT64: =AVERAGE(AO64:AS64) -> #DIV/0! | AW64: =IF(AU64>=85,"5",IF(AU64>=65,"4",IF(AU64>=55,"3",IF(AU64>=40,"2",IF(AU64>=1,"1",IF(AU64>="","0")))))) -> 0 | AX64: =IF(BJ64>=4.5, " 5 ", IF(BJ64>=3.5," 4 ",IF(BJ64>=2.5," 3 ",IF(BJ64>=1.5," 2 ",IF(BJ64>=1,"1 ",IF(BJ64>=0,"0")))))) -> #DIV/0! | AY64: =IF(BK64>=4.5, " 5 ", IF(BK64>=3.5," 4 ",IF(BK64>=2.5," 3 ",IF(BK64>=1.5," 2 ",IF(BK64>=1,"1 ",IF(BK64>=0,"0")))))) -> #DIV/0! | BA64: =$K64*$F$12 -> #DIV/0! | BB64: =$Q64*$L$12 -> #DIV/0! | BC64: =$W64*$R$12 -> #DIV/0! | BD64: =$Z64*$X$12 -> 0 | BE64: =BA64+BB64+BC64+BD64 -> #DIV/0! | BF64: =$AH64*$AC$12 -> #DIV/0! | BG64: =$AN64*$AI$12 -> #DIV/0! | BH64: =$AT64*$AO$12 -> #DIV/0! | BI64: =$AW64*$AU$12 -> 0 | BJ64: =(BF64+BG64+BH64+BI64) -> #DIV/0! | BK64: =(BE64+BJ64)/2 -> #DIV/0! | BO64: =(BE64+BJ64)/2 -> #DIV/0!
A65: 27 | E65: 1 | K65: =AVERAGE(F65:J65) -> #DIV/0! | Q65: =AVERAGE(L65:P65) -> #DIV/0! | W65: =AVERAGE(R65:V65) -> #DIV/0! | Z65: =IF(X65>=85,"5",IF(X65>=65,"4",IF(X65>=55,"3",IF(X65>=40,"2",IF(X65>=1,"1",IF(X65>="","0")))))) -> 0 | AA65: =IF(BE65>=4.5, " 5 ", IF(BE65>=3.5," 4 ",IF(BE65>=2.5," 3 ",IF(BE65>=1.5," 2 ",IF(BE65>=1,"1 ",IF(BE65>=0,"0")))))) -> #DIV/0! | AH65: =AVERAGE(AC65:AG65) -> #DIV/0! | AN65: =AVERAGE(AI65:AM65) -> #DIV/0! | AT65: =AVERAGE(AO65:AS65) -> #DIV/0! | AW65: =IF(AU65>=85,"5",IF(AU65>=65,"4",IF(AU65>=55,"3",IF(AU65>=40,"2",IF(AU65>=1,"1",IF(AU65>="","0")))))) -> 0 | AX65: =IF(BJ65>=4.5, " 5 ", IF(BJ65>=3.5," 4 ",IF(BJ65>=2.5," 3 ",IF(BJ65>=1.5," 2 ",IF(BJ65>=1,"1 ",IF(BJ65>=0,"0")))))) -> #DIV/0! | AY65: =IF(BK65>=4.5, " 5 ", IF(BK65>=3.5," 4 ",IF(BK65>=2.5," 3 ",IF(BK65>=1.5," 2 ",IF(BK65>=1,"1 ",IF(BK65>=0,"0")))))) -> #DIV/0! | AZ65: =IF(BP65>=4.5, " 5 ", IF(BP65>=3.5," 4 ",IF(BP65>=2.5," 3 ",IF(BP65>=1.5," 2 ",IF(BP65>=1,"1 ",IF(BP65>=0,"0")))))) -> #DIV/0! | BA65: =$K65*$F$12 -> #DIV/0! | BB65: =$Q65*$L$12 -> #DIV/0! | BC65: =$W65*$R$12 -> #DIV/0! | BD65: =$Z65*$X$12 -> 0 | BE65: =BA65+BB65+BC65+BD65 -> #DIV/0! | BF65: =$AH65*$AC$12 -> #DIV/0! | BG65: =$AN65*$AI$12 -> #DIV/0! | BH65: =$AT65*$AO$12 -> #DIV/0! | BI65: =$AW65*$AU$12 -> 0 | BJ65: =(BF65+BG65+BH65+BI65) -> #DIV/0! | BK65: =(BE65+BJ65)/2 -> #DIV/0! | BL65: =(BE65+BJ65)/2 -> #DIV/0! | BM65: =ROUND(BL65,) -> #DIV/0! | BN65: =ROUND(BO66,) -> #DIV/0! | BO65: =(BE65+BJ65)/2 -> #DIV/0! | BP65: =(AY65+AY66)/2 -> #DIV/0!
E66: 2 | K66: =AVERAGE(F66:J66) -> #DIV/0! | Q66: =AVERAGE(L66:P66) -> #DIV/0! | W66: =AVERAGE(R66:V66) -> #DIV/0! | Z66: =IF(X66>=85,"5",IF(X66>=65,"4",IF(X66>=55,"3",IF(X66>=40,"2",IF(X66>=1,"1",IF(X66>="","0")))))) -> 0 | AA66: =IF(BE66>=4.5, " 5 ", IF(BE66>=3.5," 4 ",IF(BE66>=2.5," 3 ",IF(BE66>=1.5," 2 ",IF(BE66>=1,"1 ",IF(BE66>=0,"0")))))) -> #DIV/0! | AH66: =AVERAGE(AC66:AG66) -> #DIV/0! | AN66: =AVERAGE(AI66:AM66) -> #DIV/0! | AT66: =AVERAGE(AO66:AS66) -> #DIV/0! | AW66: =IF(AU66>=85,"5",IF(AU66>=65,"4",IF(AU66>=55,"3",IF(AU66>=40,"2",IF(AU66>=1,"1",IF(AU66>="","0")))))) -> 0 | AX66: =IF(BJ66>=4.5, " 5 ", IF(BJ66>=3.5," 4 ",IF(BJ66>=2.5," 3 ",IF(BJ66>=1.5," 2 ",IF(BJ66>=1,"1 ",IF(BJ66>=0,"0")))))) -> #DIV/0! | AY66: =IF(BK66>=4.5, " 5 ", IF(BK66>=3.5," 4 ",IF(BK66>=2.5," 3 ",IF(BK66>=1.5," 2 ",IF(BK66>=1,"1 ",IF(BK66>=0,"0")))))) -> #DIV/0! | BA66: =$K66*$F$12 -> #DIV/0! | BB66: =$Q66*$L$12 -> #DIV/0! | BC66: =$W66*$R$12 -> #DIV/0! | BD66: =$Z66*$X$12 -> 0 | BE66: =BA66+BB66+BC66+BD66 -> #DIV/0! | BF66: =$AH66*$AC$12 -> #DIV/0! | BG66: =$AN66*$AI$12 -> #DIV/0! | BH66: =$AT66*$AO$12 -> #DIV/0! | BI66: =$AW66*$AU$12 -> 0 | BJ66: =(BF66+BG66+BH66+BI66) -> #DIV/0! | BK66: =(BE66+BJ66)/2 -> #DIV/0! | BO66: =(BE66+BJ66)/2 -> #DIV/0!
A67: 28 | E67: 1 | K67: =AVERAGE(F67:J67) -> #DIV/0! | Q67: =AVERAGE(L67:P67) -> #DIV/0! | W67: =AVERAGE(R67:V67) -> #DIV/0! | Z67: =IF(X67>=85,"5",IF(X67>=65,"4",IF(X67>=55,"3",IF(X67>=40,"2",IF(X67>=1,"1",IF(X67>="","0")))))) -> 0 | AA67: =IF(BE67>=4.5, " 5 ", IF(BE67>=3.5," 4 ",IF(BE67>=2.5," 3 ",IF(BE67>=1.5," 2 ",IF(BE67>=1,"1 ",IF(BE67>=0,"0")))))) -> #DIV/0! | AH67: =AVERAGE(AC67:AG67) -> #DIV/0! | AN67: =AVERAGE(AI67:AM67) -> #DIV/0! | AT67: =AVERAGE(AO67:AS67) -> #DIV/0! | AW67: =IF(AU67>=85,"5",IF(AU67>=65,"4",IF(AU67>=55,"3",IF(AU67>=40,"2",IF(AU67>=1,"1",IF(AU67>="","0")))))) -> 0 | AX67: =IF(BJ67>=4.5, " 5 ", IF(BJ67>=3.5," 4 ",IF(BJ67>=2.5," 3 ",IF(BJ67>=1.5," 2 ",IF(BJ67>=1,"1 ",IF(BJ67>=0,"0")))))) -> #DIV/0! | AY67: =IF(BK67>=4.5, " 5 ", IF(BK67>=3.5," 4 ",IF(BK67>=2.5," 3 ",IF(BK67>=1.5," 2 ",IF(BK67>=1,"1 ",IF(BK67>=0,"0")))))) -> #DIV/0! | AZ67: =IF(BP67>=4.5, " 5 ", IF(BP67>=3.5," 4 ",IF(BP67>=2.5," 3 ",IF(BP67>=1.5," 2 ",IF(BP67>=1,"1 ",IF(BP67>=0,"0")))))) -> #DIV/0! | BA67: =$K67*$F$12 -> #DIV/0! | BB67: =$Q67*$L$12 -> #DIV/0! | BC67: =$W67*$R$12 -> #DIV/0! | BD67: =$Z67*$X$12 -> 0 | BE67: =BA67+BB67+BC67+BD67 -> #DIV/0! | BF67: =$AH67*$AC$12 -> #DIV/0! | BG67: =$AN67*$AI$12 -> #DIV/0! | BH67: =$AT67*$AO$12 -> #DIV/0! | BI67: =$AW67*$AU$12 -> 0 | BJ67: =(BF67+BG67+BH67+BI67) -> #DIV/0! | BK67: =(BE67+BJ67)/2 -> #DIV/0! | BL67: =(BE67+BJ67)/2 -> #DIV/0! | BM67: =ROUND(BL67,) -> #DIV/0! | BN67: =ROUND(BO68,) -> #DIV/0! | BO67: =(BE67+BJ67)/2 -> #DIV/0! | BP67: =(AY67+AY68)/2 -> #DIV/0!
E68: 2 | K68: =AVERAGE(F68:J68) -> #DIV/0! | Q68: =AVERAGE(L68:P68) -> #DIV/0! | W68: =AVERAGE(R68:V68) -> #DIV/0! | Z68: =IF(X68>=85,"5",IF(X68>=65,"4",IF(X68>=55,"3",IF(X68>=40,"2",IF(X68>=1,"1",IF(X68>="","0")))))) -> 0 | AA68: =IF(BE68>=4.5, " 5 ", IF(BE68>=3.5," 4 ",IF(BE68>=2.5," 3 ",IF(BE68>=1.5," 2 ",IF(BE68>=1,"1 ",IF(BE68>=0,"0")))))) -> #DIV/0! | AH68: =AVERAGE(AC68:AG68) -> #DIV/0! | AN68: =AVERAGE(AI68:AM68) -> #DIV/0! | AT68: =AVERAGE(AO68:AS68) -> #DIV/0! | AW68: =IF(AU68>=85,"5",IF(AU68>=65,"4",IF(AU68>=55,"3",IF(AU68>=40,"2",IF(AU68>=1,"1",IF(AU68>="","0")))))) -> 0 | AX68: =IF(BJ68>=4.5, " 5 ", IF(BJ68>=3.5," 4 ",IF(BJ68>=2.5," 3 ",IF(BJ68>=1.5," 2 ",IF(BJ68>=1,"1 ",IF(BJ68>=0,"0")))))) -> #DIV/0! | AY68: =IF(BK68>=4.5, " 5 ", IF(BK68>=3.5," 4 ",IF(BK68>=2.5," 3 ",IF(BK68>=1.5," 2 ",IF(BK68>=1,"1 ",IF(BK68>=0,"0")))))) -> #DIV/0! | BA68: =$K68*$F$12 -> #DIV/0! | BB68: =$Q68*$L$12 -> #DIV/0! | BC68: =$W68*$R$12 -> #DIV/0! | BD68: =$Z68*$X$12 -> 0 | BE68: =BA68+BB68+BC68+BD68 -> #DIV/0! | BF68: =$AH68*$AC$12 -> #DIV/0! | BG68: =$AN68*$AI$12 -> #DIV/0! | BH68: =$AT68*$AO$12 -> #DIV/0! | BI68: =$AW68*$AU$12 -> 0 | BJ68: =(BF68+BG68+BH68+BI68) -> #DIV/0! | BK68: =(BE68+BJ68)/2 -> #DIV/0! | BO68: =(BE68+BJ68)/2 -> #DIV/0!
A69: 29 | E69: 1 | K69: =AVERAGE(F69:J69) -> #DIV/0! | Q69: =AVERAGE(L69:P69) -> #DIV/0! | W69: =AVERAGE(R69:V69) -> #DIV/0! | Z69: =IF(X69>=85,"5",IF(X69>=65,"4",IF(X69>=55,"3",IF(X69>=40,"2",IF(X69>=1,"1",IF(X69>="","0")))))) -> 0 | AA69: =IF(BE69>=4.5, " 5 ", IF(BE69>=3.5," 4 ",IF(BE69>=2.5," 3 ",IF(BE69>=1.5," 2 ",IF(BE69>=1,"1 ",IF(BE69>=0,"0")))))) -> #DIV/0! | AH69: =AVERAGE(AC69:AG69) -> #DIV/0! | AN69: =AVERAGE(AI69:AM69) -> #DIV/0! | AT69: =AVERAGE(AO69:AS69) -> #DIV/0! | AW69: =IF(AU69>=85,"5",IF(AU69>=65,"4",IF(AU69>=55,"3",IF(AU69>=40,"2",IF(AU69>=1,"1",IF(AU69>="","0")))))) -> 0 | AX69: =IF(BJ69>=4.5, " 5 ", IF(BJ69>=3.5," 4 ",IF(BJ69>=2.5," 3 ",IF(BJ69>=1.5," 2 ",IF(BJ69>=1,"1 ",IF(BJ69>=0,"0")))))) -> #DIV/0! | AY69: =IF(BK69>=4.5, " 5 ", IF(BK69>=3.5," 4 ",IF(BK69>=2.5," 3 ",IF(BK69>=1.5," 2 ",IF(BK69>=1,"1 ",IF(BK69>=0,"0")))))) -> #DIV/0! | AZ69: =IF(BP69>=4.5, " 5 ", IF(BP69>=3.5," 4 ",IF(BP69>=2.5," 3 ",IF(BP69>=1.5," 2 ",IF(BP69>=1,"1 ",IF(BP69>=0,"0")))))) -> #DIV/0! | BA69: =$K69*$F$12 -> #DIV/0! | BB69: =$Q69*$L$12 -> #DIV/0! | BC69: =$W69*$R$12 -> #DIV/0! | BD69: =$Z69*$X$12 -> 0 | BE69: =BA69+BB69+BC69+BD69 -> #DIV/0! | BF69: =$AH69*$AC$12 -> #DIV/0! | BG69: =$AN69*$AI$12 -> #DIV/0! | BH69: =$AT69*$AO$12 -> #DIV/0! | BI69: =$AW69*$AU$12 -> 0 | BJ69: =(BF69+BG69+BH69+BI69) -> #DIV/0! | BK69: =(BE69+BJ69)/2 -> #DIV/0! | BL69: =(BE69+BJ69)/2 -> #DIV/0! | BM69: =ROUND(BL69,) -> #DIV/0! | BN69: =ROUND(BO70,) -> #DIV/0! | BO69: =(BE69+BJ69)/2 -> #DIV/0! | BP69: =(AY69+AY70)/2 -> #DIV/0!
E70: 2 | K70: =AVERAGE(F70:J70) -> #DIV/0! | Q70: =AVERAGE(L70:P70) -> #DIV/0! | W70: =AVERAGE(R70:V70) -> #DIV/0! | Z70: =IF(X70>=85,"5",IF(X70>=65,"4",IF(X70>=55,"3",IF(X70>=40,"2",IF(X70>=1,"1",IF(X70>="","0")))))) -> 0 | AA70: =IF(BE70>=4.5, " 5 ", IF(BE70>=3.5," 4 ",IF(BE70>=2.5," 3 ",IF(BE70>=1.5," 2 ",IF(BE70>=1,"1 ",IF(BE70>=0,"0")))))) -> #DIV/0! | AH70: =AVERAGE(AC70:AG70) -> #DIV/0! | AN70: =AVERAGE(AI70:AM70) -> #DIV/0! | AT70: =AVERAGE(AO70:AS70) -> #DIV/0! | AW70: =IF(AU70>=85,"5",IF(AU70>=65,"4",IF(AU70>=55,"3",IF(AU70>=40,"2",IF(AU70>=1,"1",IF(AU70>="","0")))))) -> 0 | AX70: =IF(BJ70>=4.5, " 5 ", IF(BJ70>=3.5," 4 ",IF(BJ70>=2.5," 3 ",IF(BJ70>=1.5," 2 ",IF(BJ70>=1,"1 ",IF(BJ70>=0,"0")))))) -> #DIV/0! | AY70: =IF(BK70>=4.5, " 5 ", IF(BK70>=3.5," 4 ",IF(BK70>=2.5," 3 ",IF(BK70>=1.5," 2 ",IF(BK70>=1,"1 ",IF(BK70>=0,"0")))))) -> #DIV/0! | BA70: =$K70*$F$12 -> #DIV/0! | BB70: =$Q70*$L$12 -> #DIV/0! | BC70: =$W70*$R$12 -> #DIV/0! | BD70: =$Z70*$X$12 -> 0 | BE70: =BA70+BB70+BC70+BD70 -> #DIV/0! | BF70: =$AH70*$AC$12 -> #DIV/0! | BG70: =$AN70*$AI$12 -> #DIV/0! | BH70: =$AT70*$AO$12 -> #DIV/0! | BI70: =$AW70*$AU$12 -> 0 | BJ70: =(BF70+BG70+BH70+BI70) -> #DIV/0! | BK70: =(BE70+BJ70)/2 -> #DIV/0! | BO70: =(BE70+BJ70)/2 -> #DIV/0!
A71: 30 | E71: 1 | K71: =AVERAGE(F71:J71) -> #DIV/0! | Q71: =AVERAGE(L71:P71) -> #DIV/0! | W71: =AVERAGE(R71:V71) -> #DIV/0! | Z71: =IF(X71>=85,"5",IF(X71>=65,"4",IF(X71>=55,"3",IF(X71>=40,"2",IF(X71>=1,"1",IF(X71>="","0")))))) -> 0 | AA71: =IF(BE71>=4.5, " 5 ", IF(BE71>=3.5," 4 ",IF(BE71>=2.5," 3 ",IF(BE71>=1.5," 2 ",IF(BE71>=1,"1 ",IF(BE71>=0,"0")))))) -> #DIV/0! | AH71: =AVERAGE(AC71:AG71) -> #DIV/0! | AN71: =AVERAGE(AI71:AM71) -> #DIV/0! | AT71: =AVERAGE(AO71:AS71) -> #DIV/0! | AW71: =IF(AU71>=85,"5",IF(AU71>=65,"4",IF(AU71>=55,"3",IF(AU71>=40,"2",IF(AU71>=1,"1",IF(AU71>="","0")))))) -> 0 | AX71: =IF(BJ71>=4.5, " 5 ", IF(BJ71>=3.5," 4 ",IF(BJ71>=2.5," 3 ",IF(BJ71>=1.5," 2 ",IF(BJ71>=1,"1 ",IF(BJ71>=0,"0")))))) -> #DIV/0! | AY71: =IF(BK71>=4.5, " 5 ", IF(BK71>=3.5," 4 ",IF(BK71>=2.5," 3 ",IF(BK71>=1.5," 2 ",IF(BK71>=1,"1 ",IF(BK71>=0,"0")))))) -> #DIV/0! | AZ71: =IF(BP71>=4.5, " 5 ", IF(BP71>=3.5," 4 ",IF(BP71>=2.5," 3 ",IF(BP71>=1.5," 2 ",IF(BP71>=1,"1 ",IF(BP71>=0,"0")))))) -> #DIV/0! | BA71: =$K71*$F$12 -> #DIV/0! | BB71: =$Q71*$L$12 -> #DIV/0! | BC71: =$W71*$R$12 -> #DIV/0! | BD71: =$Z71*$X$12 -> 0 | BE71: =BA71+BB71+BC71+BD71 -> #DIV/0! | BF71: =$AH71*$AC$12 -> #DIV/0! | BG71: =$AN71*$AI$12 -> #DIV/0! | BH71: =$AT71*$AO$12 -> #DIV/0! | BI71: =$AW71*$AU$12 -> 0 | BJ71: =(BF71+BG71+BH71+BI71) -> #DIV/0! | BK71: =(BE71+BJ71)/2 -> #DIV/0! | BL71: =(BE71+BJ71)/2 -> #DIV/0! | BM71: =ROUND(BL71,) -> #DIV/0! | BN71: =ROUND(BO72,) -> #DIV/0! | BO71: =(BE71+BJ71)/2 -> #DIV/0! | BP71: =(AY71+AY72)/2 -> #DIV/0!
E72: 2 | K72: =AVERAGE(F72:J72) -> #DIV/0! | Q72: =AVERAGE(L72:P72) -> #DIV/0! | W72: =AVERAGE(R72:V72) -> #DIV/0! | Z72: =IF(X72>=85,"5",IF(X72>=65,"4",IF(X72>=55,"3",IF(X72>=40,"2",IF(X72>=1,"1",IF(X72>="","0")))))) -> 0 | AA72: =IF(BE72>=4.5, " 5 ", IF(BE72>=3.5," 4 ",IF(BE72>=2.5," 3 ",IF(BE72>=1.5," 2 ",IF(BE72>=1,"1 ",IF(BE72>=0,"0")))))) -> #DIV/0! | AH72: =AVERAGE(AC72:AG72) -> #DIV/0! | AN72: =AVERAGE(AI72:AM72) -> #DIV/0! | AT72: =AVERAGE(AO72:AS72) -> #DIV/0! | AW72: =IF(AU72>=85,"5",IF(AU72>=65,"4",IF(AU72>=55,"3",IF(AU72>=40,"2",IF(AU72>=1,"1",IF(AU72>="","0")))))) -> 0 | AX72: =IF(BJ72>=4.5, " 5 ", IF(BJ72>=3.5," 4 ",IF(BJ72>=2.5," 3 ",IF(BJ72>=1.5," 2 ",IF(BJ72>=1,"1 ",IF(BJ72>=0,"0")))))) -> #DIV/0! | AY72: =IF(BK72>=4.5, " 5 ", IF(BK72>=3.5," 4 ",IF(BK72>=2.5," 3 ",IF(BK72>=1.5," 2 ",IF(BK72>=1,"1 ",IF(BK72>=0,"0")))))) -> #DIV/0! | BA72: =$K72*$F$12 -> #DIV/0! | BB72: =$Q72*$L$12 -> #DIV/0! | BC72: =$W72*$R$12 -> #DIV/0! | BD72: =$Z72*$X$12 -> 0 | BE72: =BA72+BB72+BC72+BD72 -> #DIV/0! | BF72: =$AH72*$AC$12 -> #DIV/0! | BG72: =$AN72*$AI$12 -> #DIV/0! | BH72: =$AT72*$AO$12 -> #DIV/0! | BI72: =$AW72*$AU$12 -> 0 | BJ72: =(BF72+BG72+BH72+BI72) -> #DIV/0! | BK72: =(BE72+BJ72)/2 -> #DIV/0! | BO72: =(BE72+BJ72)/2 -> #DIV/0!

Sheet 6-3
A1: Punoi Naser A. Guri | B1: SHFMU "EMIN DURAKU" KAÇANIK | S1: Gjysmëvjetori | Y1: i parë, | AG1: i dytë, | AR1: Suksesi përfundimtar
D2: Viti shkollor: | I2: 2023/2024 | M2: Klasa: | P2: VI-3 | S2: Suksesi | X2: Nr. | Z2: % | AB2: M | AC2: F | AD2: gjithsej | AG2: Nr. | AI2: % | AK2: M | AM2: F | AO2: gjithsej | AR2: Nr. | AT2: % | AV2: M | AW2: F | AY2: gjithsej | BE2: NOTA 1 | BJ2: NOTA 2 | BK2: NOTA 1&2 | BL2: GJYSMËVJETORI I | BM2: GJYSMËVJETORI I | BN2: GJYSMËVJETORI II | BO2: GJYSMËVJETORI II | BP2: PËRFUNDIMTARI
S3: shkëlq | X3: =COUNTIF($BM$13:$BM$72,"5") -> 0 | Z3: =X3/$AD$3 -> #DIV/0! | AB3: =COUNTIFS($BM$13:$BM$72,"5",$D$13:$D$72,"M") -> 0 | AC3: =COUNTIFS($BM$13:$BM$72,"5",$D$13:$D$72,"F") -> 0 | AD3: =SUM(X3:Y7) -> 0 | AG3: =COUNTIF($BN$13:$BN$71,"5") -> 0 | AI3: =AG3/$AO$3 -> #DIV/0! | AK3: =COUNTIFS($BN$13:$BN$72,"5",$D$13:$D$72,"M") -> 0 | AM3: =COUNTIFS($BN$13:$BN$72,"5",$D$13:$D$72,"F") -> 0 | AO3: =SUM(AG3:AH7) -> 0 | AR3: =COUNTIF($AZ$13:$AZ$72,"5") -> 0 | AT3: =AR3/$AY$3 -> #DIV/0! | AV3: =COUNTIFS($AZ$13:$AZ$72,"5",$D$13:$D$72,"M") -> 0 | AW3: =COUNTIFS($AZ$13:$AZ$72,"5",$D$13:$D$72,"f") -> 0 | AY3: =SUM(AR3:AS7) -> 0
D4: Fusha kurrikulare | S4: sh.mirë | X4: =COUNTIF($BM$13:$BM$72,"4") -> 0 | Z4: =X4/$AD$3 -> #DIV/0! | AB4: =COUNTIFS($BM$13:$BM$72,"4",$D$13:$D$72,"M") -> 0 | AC4: =COUNTIFS($BM$13:$BM$72,"4",$D$13:$D$72,"F") -> 0 | AD4: Kalojnë | AG4: =COUNTIF($BN$13:$BN$71,"4") -> 0 | AI4: =AG4/$AO$3 -> #DIV/0! | AK4: =COUNTIFS($BN$13:$BN$72,"4",$D$13:$D$72,"M") -> 0 | AM4: =COUNTIFS($BN$13:$BN$72,"4",$D$13:$D$72,"F") -> 0 | AO4: Kalojnë | AR4: =COUNTIF($AZ$13:$AZ$72,"4") -> 0 | AT4: =AR4/$AY$3 -> #DIV/0! | AV4: =COUNTIFS($AZ$13:$AZ$72,"4",$D$13:$D$72,"M") -> 0 | AW4: =COUNTIFS($AZ$13:$AZ$72,"4",$D$13:$D$72,"F") -> 0 | AY4: Kalojnë
D5: Shkencat e natyrës | S5: mirë | X5: =COUNTIF($BM$13:$BM$72,"3") -> 0 | Z5: =X5/$AD$3 -> #DIV/0! | AB5: =COUNTIFS($BM$13:$BM$72,"3",$D$13:$D$72,"M") -> 0 | AC5: =COUNTIFS($BM$13:$BM$72,"3",$D$13:$D$72,"F") -> 0 | AD5: =SUM(X3:Y6) -> 0 | AG5: =COUNTIF($BN$13:$BN$71,"3") -> 0 | AI5: =AG5/$AO$3 -> #DIV/0! | AK5: =COUNTIFS($BN$13:$BN$72,"3",$D$13:$D$72,"M") -> 0 | AM5: =COUNTIFS($BN$13:$BN$72,"3",$D$13:$D$72,"F") -> 0 | AO5: =SUM(AG3:AH6) -> 0 | AR5: =COUNTIF($AZ$13:$AZ$72,"3") -> 0 | AT5: =AR5/$AY$3 -> #DIV/0! | AV5: =COUNTIFS($AZ$13:$AZ$72,"3",$D$13:$D$72,"M") -> 0 | AW5: =COUNTIFS($AZ$13:$AZ$72,"3",$D$13:$D$72,"F") -> 0 | AY5: =SUM(AQ3:AR6) -> 0
A6: Lënda: | D6: Biologji | S6: mjaft | X6: =COUNTIF($BM$13:$BM$72,"2") -> 0 | Z6: =X6/$AD$3 -> #DIV/0! | AB6: =COUNTIFS($BM$13:$BM$72,"2",$D$13:$D$72,"M") -> 0 | AC6: =COUNTIFS($BM$13:$BM$72,"2",$D$13:$D$72,"F") -> 0 | AD6: Mbesin | AG6: =COUNTIF($BN$13:$BN$71,"2") -> 0 | AI6: =AG6/$AO$3 -> #DIV/0! | AK6: =COUNTIFS($BN$13:$BN$72,"2",$D$13:$D$72,"M") -> 0 | AM6: =COUNTIFS($BN$13:$BN$72,"2",$D$13:$D$72,"F") -> 0 | AO6: Mbesin | AR6: =COUNTIF($AZ$13:$AZ$72,"2") -> 0 | AT6: =AR6/$AY$3 -> #DIV/0! | AV6: =COUNTIFS($AZ$13:$AZ$72,"2",$D$13:$D$72,"M") -> 0 | AW6: =COUNTIFS($AZ$13:$AZ$72,"2",$D$13:$D$72,"F") -> 0 | AY6: Mbesin
S7: pamjaft | X7: =COUNTIF($BM$13:$BM$72,"1") -> 0 | Z7: =X7/$AD$3 -> #DIV/0! | AB7: =COUNTIFS($BM$13:$BM$72,"1",$D$13:$D$72,"M") -> 0 | AC7: =COUNTIFS($BM$13:$BM$72,"1",$D$13:$D$72,"F") -> 0 | AD7: =X7 -> 0 | AG7: =COUNTIF($BN$13:$BN$71,"1") -> 0 | AI7: =AG7/$AO$3 -> #DIV/0! | AK7: =COUNTIFS($BN$13:$BN$72,"1",$D$13:$D$72,"M") -> 0 | AM7: =COUNTIFS($BN$13:$BN$72,"1",$D$13:$D$72,"F") -> 0 | AO7: =AG7 -> 0 | AR7: =COUNTIF($AZ$13:$AZ$72,"1") -> 0 | AT7: =AR7/$AY$3 -> #DIV/0! | AV7: =COUNTIFS($AZ$13:$AZ$72,"1",$D$13:$D$72,"M") -> 0 | AW7: =COUNTIFS($AZ$13:$AZ$72,"1",$D$13:$D$72,"F") -> 0 | AY7: =AR7 -> 0
A8: Mësimdhënësi-ja | D8: Naser Guri | S8: Nota mesatare GJ1 | AD8: =AVERAGEIF(BL13:BL72,">=1") -> #DIV/0! | AG8: GJ2 | AO8: =AVERAGEIF(BO13:BO72,">=1") -> #DIV/0! | AR8: Nota përfundimtare | AY8: =AVERAGEIF(BK13:BK72,">=1") -> #DIV/0!
A9: Instrumentet e vlerësimit | D9: Gjinia | E9: Gjysmëvjetori | F9: Angazhim në klasë | K9: Nota | L9: Detyra shtëpie | Q9: Nota | R9: Projekte & prezentime | W9: Nota | X9: Test | Z9: Nota | AA9: Nota 1 | AB9: Përfundim i vlerësimit 1 në anën e majtë dhe fillimi i vlerësimit përmbledhës 2 në anën e djathtë të tabelarit | AC9: Angazhim në klasë | AH9: Nota | AI9: Detyra shtëpie | AN9: Nota | AO9: Projekte & prezentime | AT9: Nota | AU9: Test | AW9: Nota | AX9: Nota 2 | AY9: Nota 1&2 | AZ9: Suksesi Përfundimtar
A11: Nr | B11: EMRAT DHE MBIEMRAT E NXËNËSVE
F12: 0.25 | L12: 0.15 | R12: 0.3 | X12: 0.3 | AA12: =F12+L12+R12+X12 -> 1 | AC12: 0.25 | AI12: 0.15 | AO12: 0.3 | AU12: 0.3 | AX12: =AC12+AI12+AO12+AU12 -> 1
A13: 1 | E13: 1 | K13: =AVERAGE(F13:J13) -> #DIV/0! | Q13: =AVERAGE(L13:P13) -> #DIV/0! | W13: =AVERAGE(R13:V13) -> #DIV/0! | Z13: =IF(X13>=85,"5",IF(X13>=65,"4",IF(X13>=55,"3",IF(X13>=40,"2",IF(X13>=1,"1",IF(X13>="","0")))))) -> 0 | AA13: =IF(BE13>=4.5, " 5 ", IF(BE13>=3.5," 4 ",IF(BE13>=2.5," 3 ",IF(BE13>=1.5," 2 ",IF(BE13>=1,"1 ",IF(BE13>=0,"0")))))) -> #DIV/0! | AH13: =AVERAGE(AC13:AG13) -> #DIV/0! | AN13: =AVERAGE(AI13:AM13) -> #DIV/0! | AT13: =AVERAGE(AO13:AS13) -> #DIV/0! | AW13: =IF(AU13>=85,"5",IF(AU13>=65,"4",IF(AU13>=55,"3",IF(AU13>=40,"2",IF(AU13>=1,"1",IF(AU13>="","0")))))) -> 0 | AX13: =IF(BJ13>=4.5, " 5 ", IF(BJ13>=3.5," 4 ",IF(BJ13>=2.5," 3 ",IF(BJ13>=1.5," 2 ",IF(BJ13>=1,"1 ",IF(BJ13>=0,"0")))))) -> #DIV/0! | AY13: =IF(BK13>=4.5, " 5 ", IF(BK13>=3.5," 4 ",IF(BK13>=2.5," 3 ",IF(BK13>=1.5," 2 ",IF(BK13>=1,"1 ",IF(BK13>=0,"0")))))) -> #DIV/0! | AZ13: =IF(BP13>=4.5, " 5 ", IF(BP13>=3.5," 4 ",IF(BP13>=2.5," 3 ",IF(BP13>=1.5," 2 ",IF(BP13>=1,"1 ",IF(BP13>=0,"0")))))) -> #DIV/0! | BA13: =$K13*$F$12 -> #DIV/0! | BB13: =Q13*L12 -> #DIV/0! | BC13: =$W13*$R$12 -> #DIV/0! | BD13: =$Z13*$X$12 -> 0 | BE13: =BA13+BB13+BC13+BD13 -> #DIV/0! | BF13: =$AH13*$AC$12 -> #DIV/0! | BG13: =$AN13*$AI$12 -> #DIV/0! | BH13: =$AT13*$AO$12 -> #DIV/0! | BI13: =$AW13*$AU$12 -> 0 | BJ13: =(BF13+BG13+BH13+BI13) -> #DIV/0! | BK13: =(BE13+BJ13)/2 -> #DIV/0! | BL13: =(BE13+BJ13)/2 -> #DIV/0! | BM13: =ROUND(BL13,) -> #DIV/0! | BN13: =ROUND(BO14,) -> #DIV/0! | BP13: =(AY13+AY14)/2 -> #DIV/0!
E14: 2 | K14: =AVERAGE(F14:J14) -> #DIV/0! | Q14: =AVERAGE(L14:P14) -> #DIV/0! | W14: =AVERAGE(R14:V14) -> #DIV/0! | Z14: =IF(X14>=85,"5",IF(X14>=65,"4",IF(X14>=55,"3",IF(X14>=40,"2",IF(X14>=1,"1",IF(X14>="","0")))))) -> 0 | AA14: =IF(BE14>=4.5, " 5 ", IF(BE14>=3.5," 4 ",IF(BE14>=2.5," 3 ",IF(BE14>=1.5," 2 ",IF(BE14>=1,"1 ",IF(BE14>=0,"0")))))) -> #DIV/0! | AH14: =AVERAGE(AC14:AG14) -> #DIV/0! | AN14: =AVERAGE(AI14:AM14) -> #DIV/0! | AT14: =AVERAGE(AO14:AS14) -> #DIV/0! | AW14: =IF(AU14>=85,"5",IF(AU14>=65,"4",IF(AU14>=55,"3",IF(AU14>=40,"2",IF(AU14>=1,"1",IF(AU14>="","0")))))) -> 0 | AX14: =IF(BJ14>=4.5, " 5 ", IF(BJ14>=3.5," 4 ",IF(BJ14>=2.5," 3 ",IF(BJ14>=1.5," 2 ",IF(BJ14>=1,"1 ",IF(BJ14>=0,"0")))))) -> #DIV/0! | AY14: =IF(BK14>=4.5, " 5 ", IF(BK14>=3.5," 4 ",IF(BK14>=2.5," 3 ",IF(BK14>=1.5," 2 ",IF(BK14>=1,"1 ",IF(BK14>=0,"0")))))) -> #DIV/0! | BA14: =$K14*$F$12 -> #DIV/0! | BB14: =$Q14*$L$12 -> #DIV/0! | BC14: =$W14*$R$12 -> #DIV/0! | BD14: =$Z14*$X$12 -> 0 | BE14: =BA14+BB14+BC14+BD14 -> #DIV/0! | BF14: =$AH14*$AC$12 -> #DIV/0! | BG14: =$AN14*$AI$12 -> #DIV/0! | BH14: =$AT14*$AO$12 -> #DIV/0! | BI14: =$AW14*$AU$12 -> 0 | BJ14: =(BF14+BG14+BH14+BI14) -> #DIV/0! | BK14: =(BE14+BJ14)/2 -> #DIV/0! | BO14: =(BE14+BJ14)/2 -> #DIV/0!
A15: 2 | E15: 1 | K15: =AVERAGE(F15:J15) -> #DIV/0! | Q15: =AVERAGE(L15:P15) -> #DIV/0! | W15: =AVERAGE(R15:V15) -> #DIV/0! | Z15: =IF(X15>=85,"5",IF(X15>=65,"4",IF(X15>=55,"3",IF(X15>=40,"2",IF(X15>=1,"1",IF(X15>="","0")))))) -> 0 | AA15: =IF(BE15>=4.5, " 5 ", IF(BE15>=3.5," 4 ",IF(BE15>=2.5," 3 ",IF(BE15>=1.5," 2 ",IF(BE15>=1,"1 ",IF(BE15>=0,"0")))))) -> #DIV/0! | AH15: =AVERAGE(AC15:AG15) -> #DIV/0! | AN15: =AVERAGE(AI15:AM15) -> #DIV/0! | AT15: =AVERAGE(AO15:AS15) -> #DIV/0! | AW15: =IF(AU15>=85,"5",IF(AU15>=65,"4",IF(AU15>=55,"3",IF(AU15>=40,"2",IF(AU15>=1,"1",IF(AU15>="","0")))))) -> 0 | AX15: =IF(BJ15>=4.5, " 5 ", IF(BJ15>=3.5," 4 ",IF(BJ15>=2.5," 3 ",IF(BJ15>=1.5," 2 ",IF(BJ15>=1,"1 ",IF(BJ15>=0,"0")))))) -> #DIV/0! | AY15: =IF(BK15>=4.5, " 5 ", IF(BK15>=3.5," 4 ",IF(BK15>=2.5," 3 ",IF(BK15>=1.5," 2 ",IF(BK15>=1,"1 ",IF(BK15>=0,"0")))))) -> #DIV/0! | AZ15: =IF(BP15>=4.5, " 5 ", IF(BP15>=3.5," 4 ",IF(BP15>=2.5," 3 ",IF(BP15>=1.5," 2 ",IF(BP15>=1,"1 ",IF(BP15>=0,"0")))))) -> #DIV/0! | BA15: =$K15*$F$12 -> #DIV/0! | BB15: =$Q15*$L$12 -> #DIV/0! | BC15: =$W15*$R$12 -> #DIV/0! | BD15: =$Z15*$X$12 -> 0 | BE15: =BA15+BB15+BC15+BD15 -> #DIV/0! | BF15: =$AH15*$AC$12 -> #DIV/0! | BG15: =$AN15*$AI$12 -> #DIV/0! | BH15: =$AT15*$AO$12 -> #DIV/0! | BI15: =$AW15*$AU$12 -> 0 | BJ15: =(BF15+BG15+BH15+BI15) -> #DIV/0! | BK15: =(BE15+BJ15)/2 -> #DIV/0! | BL15: =(BE15+BJ15)/2 -> #DIV/0! | BM15: =ROUND(BL15,) -> #DIV/0! | BN15: =ROUND(BO16,) -> #DIV/0! | BP15: =(AY15+AY16)/2 -> #DIV/0!
E16: 2 | K16: =AVERAGE(F16:J16) -> #DIV/0! | Q16: =AVERAGE(L16:P16) -> #DIV/0! | W16: =AVERAGE(R16:V16) -> #DIV/0! | Z16: =IF(X16>=85,"5",IF(X16>=65,"4",IF(X16>=55,"3",IF(X16>=40,"2",IF(X16>=1,"1",IF(X16>="","0")))))) -> 0 | AA16: =IF(BE16>=4.5, " 5 ", IF(BE16>=3.5," 4 ",IF(BE16>=2.5," 3 ",IF(BE16>=1.5," 2 ",IF(BE16>=1,"1 ",IF(BE16>=0,"0")))))) -> #DIV/0! | AH16: =AVERAGE(AC16:AG16) -> #DIV/0! | AN16: =AVERAGE(AI16:AM16) -> #DIV/0! | AT16: =AVERAGE(AO16:AS16) -> #DIV/0! | AW16: =IF(AU16>=85,"5",IF(AU16>=65,"4",IF(AU16>=55,"3",IF(AU16>=40,"2",IF(AU16>=1,"1",IF(AU16>="","0")))))) -> 0 | AX16: =IF(BJ16>=4.5, " 5 ", IF(BJ16>=3.5," 4 ",IF(BJ16>=2.5," 3 ",IF(BJ16>=1.5," 2 ",IF(BJ16>=1,"1 ",IF(BJ16>=0,"0")))))) -> #DIV/0! | AY16: =IF(BK16>=4.5, " 5 ", IF(BK16>=3.5," 4 ",IF(BK16>=2.5," 3 ",IF(BK16>=1.5," 2 ",IF(BK16>=1,"1 ",IF(BK16>=0,"0")))))) -> #DIV/0! | BA16: =$K16*$F$12 -> #DIV/0! | BB16: =$Q16*$L$12 -> #DIV/0! | BC16: =$W16*$R$12 -> #DIV/0! | BD16: =$Z16*$X$12 -> 0 | BE16: =BA16+BB16+BC16+BD16 -> #DIV/0! | BF16: =$AH16*$AC$12 -> #DIV/0! | BG16: =$AN16*$AI$12 -> #DIV/0! | BH16: =$AT16*$AO$12 -> #DIV/0! | BI16: =$AW16*$AU$12 -> 0 | BJ16: =(BF16+BG16+BH16+BI16) -> #DIV/0! | BK16: =(BE16+BJ16)/2 -> #DIV/0! | BO16: =(BE16+BJ16)/2 -> #DIV/0!
A17: 3 | E17: 1 | K17: =AVERAGE(F17:J17) -> #DIV/0! | Q17: =AVERAGE(L17:P17) -> #DIV/0! | W17: =AVERAGE(R17:V17) -> #DIV/0! | Z17: =IF(X17>=85,"5",IF(X17>=65,"4",IF(X17>=55,"3",IF(X17>=40,"2",IF(X17>=1,"1",IF(X17>="","0")))))) -> 0 | AA17: =IF(BE17>=4.5, " 5 ", IF(BE17>=3.5," 4 ",IF(BE17>=2.5," 3 ",IF(BE17>=1.5," 2 ",IF(BE17>=1,"1 ",IF(BE17>=0,"0")))))) -> #DIV/0! | AH17: =AVERAGE(AC17:AG17) -> #DIV/0! | AN17: =AVERAGE(AI17:AM17) -> #DIV/0! | AT17: =AVERAGE(AO17:AS17) -> #DIV/0! | AW17: =IF(AU17>=85,"5",IF(AU17>=65,"4",IF(AU17>=55,"3",IF(AU17>=40,"2",IF(AU17>=1,"1",IF(AU17>="","0")))))) -> 0 | AX17: =IF(BJ17>=4.5, " 5 ", IF(BJ17>=3.5," 4 ",IF(BJ17>=2.5," 3 ",IF(BJ17>=1.5," 2 ",IF(BJ17>=1,"1 ",IF(BJ17>=0,"0")))))) -> #DIV/0! | AY17: =IF(BK17>=4.5, " 5 ", IF(BK17>=3.5," 4 ",IF(BK17>=2.5," 3 ",IF(BK17>=1.5," 2 ",IF(BK17>=1,"1 ",IF(BK17>=0,"0")))))) -> #DIV/0! | AZ17: =IF(BP17>=4.5, " 5 ", IF(BP17>=3.5," 4 ",IF(BP17>=2.5," 3 ",IF(BP17>=1.5," 2 ",IF(BP17>=1,"1 ",IF(BP17>=0,"0")))))) -> #DIV/0! | BA17: =$K17*$F$12 -> #DIV/0! | BB17: =$Q17*$L$12 -> #DIV/0! | BC17: =$W17*$R$12 -> #DIV/0! | BD17: =$Z17*$X$12 -> 0 | BE17: =BA17+BB17+BC17+BD17 -> #DIV/0! | BF17: =$AH17*$AC$12 -> #DIV/0! | BG17: =$AN17*$AI$12 -> #DIV/0! | BH17: =$AT17*$AO$12 -> #DIV/0! | BI17: =$AW17*$AU$12 -> 0 | BJ17: =(BF17+BG17+BH17+BI17) -> #DIV/0! | BK17: =(BE17+BJ17)/2 -> #DIV/0! | BL17: =(BE17+BJ17)/2 -> #DIV/0! | BM17: =ROUND(BL17,) -> #DIV/0! | BN17: =ROUND(BO18,) -> #DIV/0! | BP17: =(AY17+AY18)/2 -> #DIV/0!
E18: 2 | K18: =AVERAGE(F18:J18) -> #DIV/0! | Q18: =AVERAGE(L18:P18) -> #DIV/0! | W18: =AVERAGE(R18:V18) -> #DIV/0! | Z18: =IF(X18>=85,"5",IF(X18>=65,"4",IF(X18>=55,"3",IF(X18>=40,"2",IF(X18>=1,"1",IF(X18>="","0")))))) -> 0 | AA18: =IF(BE18>=4.5, " 5 ", IF(BE18>=3.5," 4 ",IF(BE18>=2.5," 3 ",IF(BE18>=1.5," 2 ",IF(BE18>=1,"1 ",IF(BE18>=0,"0")))))) -> #DIV/0! | AH18: =AVERAGE(AC18:AG18) -> #DIV/0! | AN18: =AVERAGE(AI18:AM18) -> #DIV/0! | AT18: =AVERAGE(AO18:AS18) -> #DIV/0! | AW18: =IF(AU18>=85,"5",IF(AU18>=65,"4",IF(AU18>=55,"3",IF(AU18>=40,"2",IF(AU18>=1,"1",IF(AU18>="","0")))))) -> 0 | AX18: =IF(BJ18>=4.5, " 5 ", IF(BJ18>=3.5," 4 ",IF(BJ18>=2.5," 3 ",IF(BJ18>=1.5," 2 ",IF(BJ18>=1,"1 ",IF(BJ18>=0,"0")))))) -> #DIV/0! | AY18: =IF(BK18>=4.5, " 5 ", IF(BK18>=3.5," 4 ",IF(BK18>=2.5," 3 ",IF(BK18>=1.5," 2 ",IF(BK18>=1,"1 ",IF(BK18>=0,"0")))))) -> #DIV/0! | BA18: =$K18*$F$12 -> #DIV/0! | BB18: =$Q18*$L$12 -> #DIV/0! | BC18: =$W18*$R$12 -> #DIV/0! | BD18: =$Z18*$X$12 -> 0 | BE18: =BA18+BB18+BC18+BD18 -> #DIV/0! | BF18: =$AH18*$AC$12 -> #DIV/0! | BG18: =$AN18*$AI$12 -> #DIV/0! | BH18: =$AT18*$AO$12 -> #DIV/0! | BI18: =$AW18*$AU$12 -> 0 | BJ18: =(BF18+BG18+BH18+BI18) -> #DIV/0! | BK18: =(BE18+BJ18)/2 -> #DIV/0! | BO18: =(BE18+BJ18)/2 -> #DIV/0!
A19: 4 | E19: 1 | K19: =AVERAGE(F19:J19) -> #DIV/0! | Q19: =AVERAGE(L19:P19) -> #DIV/0! | W19: =AVERAGE(R19:V19) -> #DIV/0! | Z19: =IF(X19>=85,"5",IF(X19>=65,"4",IF(X19>=55,"3",IF(X19>=40,"2",IF(X19>=1,"1",IF(X19>="","0")))))) -> 0 | AA19: =IF(BE19>=4.5, " 5 ", IF(BE19>=3.5," 4 ",IF(BE19>=2.5," 3 ",IF(BE19>=1.5," 2 ",IF(BE19>=1,"1 ",IF(BE19>=0,"0")))))) -> #DIV/0! | AH19: =AVERAGE(AC19:AG19) -> #DIV/0! | AN19: =AVERAGE(AI19:AM19) -> #DIV/0! | AT19: =AVERAGE(AO19:AS19) -> #DIV/0! | AW19: =IF(AU19>=85,"5",IF(AU19>=65,"4",IF(AU19>=55,"3",IF(AU19>=40,"2",IF(AU19>=1,"1",IF(AU19>="","0")))))) -> 0 | AX19: =IF(BJ19>=4.5, " 5 ", IF(BJ19>=3.5," 4 ",IF(BJ19>=2.5," 3 ",IF(BJ19>=1.5," 2 ",IF(BJ19>=1,"1 ",IF(BJ19>=0,"0")))))) -> #DIV/0! | AY19: =IF(BK19>=4.5, " 5 ", IF(BK19>=3.5," 4 ",IF(BK19>=2.5," 3 ",IF(BK19>=1.5," 2 ",IF(BK19>=1,"1 ",IF(BK19>=0,"0")))))) -> #DIV/0! | AZ19: =IF(BP19>=4.5, " 5 ", IF(BP19>=3.5," 4 ",IF(BP19>=2.5," 3 ",IF(BP19>=1.5," 2 ",IF(BP19>=1,"1 ",IF(BP19>=0,"0")))))) -> #DIV/0! | BA19: =$K19*$F$12 -> #DIV/0! | BB19: =$Q19*$L$12 -> #DIV/0! | BC19: =$W19*$R$12 -> #DIV/0! | BD19: =$Z19*$X$12 -> 0 | BE19: =BA19+BB19+BC19+BD19 -> #DIV/0! | BF19: =$AH19*$AC$12 -> #DIV/0! | BG19: =$AN19*$AI$12 -> #DIV/0! | BH19: =$AT19*$AO$12 -> #DIV/0! | BI19: =$AW19*$AU$12 -> 0 | BJ19: =(BF19+BG19+BH19+BI19) -> #DIV/0! | BK19: =(BE19+BJ19)/2 -> #DIV/0! | BL19: =(BE19+BJ19)/2 -> #DIV/0! | BM19: =ROUND(BL19,) -> #DIV/0! | BN19: =ROUND(BO20,) -> #DIV/0! | BP19: =(AY19+AY20)/2 -> #DIV/0!
E20: 2 | K20: =AVERAGE(F20:J20) -> #DIV/0! | Q20: =AVERAGE(L20:P20) -> #DIV/0! | W20: =AVERAGE(R20:V20) -> #DIV/0! | Z20: =IF(X20>=85,"5",IF(X20>=65,"4",IF(X20>=55,"3",IF(X20>=40,"2",IF(X20>=1,"1",IF(X20>="","0")))))) -> 0 | AA20: =IF(BE20>=4.5, " 5 ", IF(BE20>=3.5," 4 ",IF(BE20>=2.5," 3 ",IF(BE20>=1.5," 2 ",IF(BE20>=1,"1 ",IF(BE20>=0,"0")))))) -> #DIV/0! | AH20: =AVERAGE(AC20:AG20) -> #DIV/0! | AN20: =AVERAGE(AI20:AM20) -> #DIV/0! | AT20: =AVERAGE(AO20:AS20) -> #DIV/0! | AW20: =IF(AU20>=85,"5",IF(AU20>=65,"4",IF(AU20>=55,"3",IF(AU20>=40,"2",IF(AU20>=1,"1",IF(AU20>="","0")))))) -> 0 | AX20: =IF(BJ20>=4.5, " 5 ", IF(BJ20>=3.5," 4 ",IF(BJ20>=2.5," 3 ",IF(BJ20>=1.5," 2 ",IF(BJ20>=1,"1 ",IF(BJ20>=0,"0")))))) -> #DIV/0! | AY20: =IF(BK20>=4.5, " 5 ", IF(BK20>=3.5," 4 ",IF(BK20>=2.5," 3 ",IF(BK20>=1.5," 2 ",IF(BK20>=1,"1 ",IF(BK20>=0,"0")))))) -> #DIV/0! | BA20: =$K20*$F$12 -> #DIV/0! | BB20: =$Q20*$L$12 -> #DIV/0! | BC20: =$W20*$R$12 -> #DIV/0! | BD20: =$Z20*$X$12 -> 0 | BE20: =BA20+BB20+BC20+BD20 -> #DIV/0! | BF20: =$AH20*$AC$12 -> #DIV/0! | BG20: =$AN20*$AI$12 -> #DIV/0! | BH20: =$AT20*$AO$12 -> #DIV/0! | BI20: =$AW20*$AU$12 -> 0 | BJ20: =(BF20+BG20+BH20+BI20) -> #DIV/0! | BK20: =(BE20+BJ20)/2 -> #DIV/0! | BO20: =(BE20+BJ20)/2 -> #DIV/0!
A21: 5 | E21: 1 | K21: =AVERAGE(F21:J21) -> #DIV/0! | Q21: =AVERAGE(L21:P21) -> #DIV/0! | W21: =AVERAGE(R21:V21) -> #DIV/0! | Z21: =IF(X21>=85,"5",IF(X21>=65,"4",IF(X21>=55,"3",IF(X21>=40,"2",IF(X21>=1,"1",IF(X21>="","0")))))) -> 0 | AA21: =IF(BE21>=4.5, " 5 ", IF(BE21>=3.5," 4 ",IF(BE21>=2.5," 3 ",IF(BE21>=1.5," 2 ",IF(BE21>=1,"1 ",IF(BE21>=0,"0")))))) -> #DIV/0! | AH21: =AVERAGE(AC21:AG21) -> #DIV/0! | AN21: =AVERAGE(AI21:AM21) -> #DIV/0! | AT21: =AVERAGE(AO21:AS21) -> #DIV/0! | AW21: =IF(AU21>=85,"5",IF(AU21>=65,"4",IF(AU21>=55,"3",IF(AU21>=40,"2",IF(AU21>=1,"1",IF(AU21>="","0")))))) -> 0 | AX21: =IF(BJ21>=4.5, " 5 ", IF(BJ21>=3.5," 4 ",IF(BJ21>=2.5," 3 ",IF(BJ21>=1.5," 2 ",IF(BJ21>=1,"1 ",IF(BJ21>=0,"0")))))) -> #DIV/0! | AY21: =IF(BK21>=4.5, " 5 ", IF(BK21>=3.5," 4 ",IF(BK21>=2.5," 3 ",IF(BK21>=1.5," 2 ",IF(BK21>=1,"1 ",IF(BK21>=0,"0")))))) -> #DIV/0! | AZ21: =IF(BP21>=4.5, " 5 ", IF(BP21>=3.5," 4 ",IF(BP21>=2.5," 3 ",IF(BP21>=1.5," 2 ",IF(BP21>=1,"1 ",IF(BP21>=0,"0")))))) -> #DIV/0! | BA21: =$K21*$F$12 -> #DIV/0! | BB21: =$Q21*$L$12 -> #DIV/0! | BC21: =$W21*$R$12 -> #DIV/0! | BD21: =$Z21*$X$12 -> 0 | BE21: =BA21+BB21+BC21+BD21 -> #DIV/0! | BF21: =$AH21*$AC$12 -> #DIV/0! | BG21: =$AN21*$AI$12 -> #DIV/0! | BH21: =$AT21*$AO$12 -> #DIV/0! | BI21: =$AW21*$AU$12 -> 0 | BJ21: =(BF21+BG21+BH21+BI21) -> #DIV/0! | BK21: =(BE21+BJ21)/2 -> #DIV/0! | BL21: =(BE21+BJ21)/2 -> #DIV/0! | BM21: =ROUND(BL21,) -> #DIV/0! | BN21: =ROUND(BO22,) -> #DIV/0! | BP21: =(AY21+AY22)/2 -> #DIV/0!
E22: 2 | K22: =AVERAGE(F22:J22) -> #DIV/0! | Q22: =AVERAGE(L22:P22) -> #DIV/0! | W22: =AVERAGE(R22:V22) -> #DIV/0! | Z22: =IF(X22>=85,"5",IF(X22>=65,"4",IF(X22>=55,"3",IF(X22>=40,"2",IF(X22>=1,"1",IF(X22>="","0")))))) -> 0 | AA22: =IF(BE22>=4.5, " 5 ", IF(BE22>=3.5," 4 ",IF(BE22>=2.5," 3 ",IF(BE22>=1.5," 2 ",IF(BE22>=1,"1 ",IF(BE22>=0,"0")))))) -> #DIV/0! | AH22: =AVERAGE(AC22:AG22) -> #DIV/0! | AN22: =AVERAGE(AI22:AM22) -> #DIV/0! | AT22: =AVERAGE(AO22:AS22) -> #DIV/0! | AW22: =IF(AU22>=85,"5",IF(AU22>=65,"4",IF(AU22>=55,"3",IF(AU22>=40,"2",IF(AU22>=1,"1",IF(AU22>="","0")))))) -> 0 | AX22: =IF(BJ22>=4.5, " 5 ", IF(BJ22>=3.5," 4 ",IF(BJ22>=2.5," 3 ",IF(BJ22>=1.5," 2 ",IF(BJ22>=1,"1 ",IF(BJ22>=0,"0")))))) -> #DIV/0! | AY22: =IF(BK22>=4.5, " 5 ", IF(BK22>=3.5," 4 ",IF(BK22>=2.5," 3 ",IF(BK22>=1.5," 2 ",IF(BK22>=1,"1 ",IF(BK22>=0,"0")))))) -> #DIV/0! | BA22: =$K22*$F$12 -> #DIV/0! | BB22: =$Q22*$L$12 -> #DIV/0! | BC22: =$W22*$R$12 -> #DIV/0! | BD22: =$Z22*$X$12 -> 0 | BE22: =BA22+BB22+BC22+BD22 -> #DIV/0! | BF22: =$AH22*$AC$12 -> #DIV/0! | BG22: =$AN22*$AI$12 -> #DIV/0! | BH22: =$AT22*$AO$12 -> #DIV/0! | BI22: =$AW22*$AU$12 -> 0 | BJ22: =(BF22+BG22+BH22+BI22) -> #DIV/0! | BK22: =(BE22+BJ22)/2 -> #DIV/0! | BO22: =(BE22+BJ22)/2 -> #DIV/0!
A23: 6 | E23: 1 | K23: =AVERAGE(F23:J23) -> #DIV/0! | Q23: =AVERAGE(L23:P23) -> #DIV/0! | W23: =AVERAGE(R23:V23) -> #DIV/0! | Z23: =IF(X23>=85,"5",IF(X23>=65,"4",IF(X23>=55,"3",IF(X23>=40,"2",IF(X23>=1,"1",IF(X23>="","0")))))) -> 0 | AA23: =IF(BE23>=4.5, " 5 ", IF(BE23>=3.5," 4 ",IF(BE23>=2.5," 3 ",IF(BE23>=1.5," 2 ",IF(BE23>=1,"1 ",IF(BE23>=0,"0")))))) -> #DIV/0! | AH23: =AVERAGE(AC23:AG23) -> #DIV/0! | AN23: =AVERAGE(AI23:AM23) -> #DIV/0! | AT23: =AVERAGE(AO23:AS23) -> #DIV/0! | AW23: =IF(AU23>=85,"5",IF(AU23>=65,"4",IF(AU23>=55,"3",IF(AU23>=40,"2",IF(AU23>=1,"1",IF(AU23>="","0")))))) -> 0 | AX23: =IF(BJ23>=4.5, " 5 ", IF(BJ23>=3.5," 4 ",IF(BJ23>=2.5," 3 ",IF(BJ23>=1.5," 2 ",IF(BJ23>=1,"1 ",IF(BJ23>=0,"0")))))) -> #DIV/0! | AY23: =IF(BK23>=4.5, " 5 ", IF(BK23>=3.5," 4 ",IF(BK23>=2.5," 3 ",IF(BK23>=1.5," 2 ",IF(BK23>=1,"1 ",IF(BK23>=0,"0")))))) -> #DIV/0! | AZ23: =IF(BP23>=4.5, " 5 ", IF(BP23>=3.5," 4 ",IF(BP23>=2.5," 3 ",IF(BP23>=1.5," 2 ",IF(BP23>=1,"1 ",IF(BP23>=0,"0")))))) -> #DIV/0! | BA23: =$K23*$F$12 -> #DIV/0! | BB23: =$Q23*$L$12 -> #DIV/0! | BC23: =$W23*$R$12 -> #DIV/0! | BD23: =$Z23*$X$12 -> 0 | BE23: =BA23+BB23+BC23+BD23 -> #DIV/0! | BF23: =$AH23*$AC$12 -> #DIV/0! | BG23: =$AN23*$AI$12 -> #DIV/0! | BH23: =$AT23*$AO$12 -> #DIV/0! | BI23: =$AW23*$AU$12 -> 0 | BJ23: =(BF23+BG23+BH23+BI23) -> #DIV/0! | BK23: =(BE23+BJ23)/2 -> #DIV/0! | BL23: =(BE23+BJ23)/2 -> #DIV/0! | BM23: =ROUND(BL23,) -> #DIV/0! | BN23: =ROUND(BO24,) -> #DIV/0! | BP23: =(AY23+AY24)/2 -> #DIV/0!
E24: 2 | K24: =AVERAGE(F24:J24) -> #DIV/0! | Q24: =AVERAGE(L24:P24) -> #DIV/0! | W24: =AVERAGE(R24:V24) -> #DIV/0! | Z24: =IF(X24>=85,"5",IF(X24>=65,"4",IF(X24>=55,"3",IF(X24>=40,"2",IF(X24>=1,"1",IF(X24>="","0")))))) -> 0 | AA24: =IF(BE24>=4.5, " 5 ", IF(BE24>=3.5," 4 ",IF(BE24>=2.5," 3 ",IF(BE24>=1.5," 2 ",IF(BE24>=1,"1 ",IF(BE24>=0,"0")))))) -> #DIV/0! | AH24: =AVERAGE(AC24:AG24) -> #DIV/0! | AN24: =AVERAGE(AI24:AM24) -> #DIV/0! | AT24: =AVERAGE(AO24:AS24) -> #DIV/0! | AW24: =IF(AU24>=85,"5",IF(AU24>=65,"4",IF(AU24>=55,"3",IF(AU24>=40,"2",IF(AU24>=1,"1",IF(AU24>="","0")))))) -> 0 | AX24: =IF(BJ24>=4.5, " 5 ", IF(BJ24>=3.5," 4 ",IF(BJ24>=2.5," 3 ",IF(BJ24>=1.5," 2 ",IF(BJ24>=1,"1 ",IF(BJ24>=0,"0")))))) -> #DIV/0! | AY24: =IF(BK24>=4.5, " 5 ", IF(BK24>=3.5," 4 ",IF(BK24>=2.5," 3 ",IF(BK24>=1.5," 2 ",IF(BK24>=1,"1 ",IF(BK24>=0,"0")))))) -> #DIV/0! | BA24: =$K24*$F$12 -> #DIV/0! | BB24: =$Q24*$L$12 -> #DIV/0! | BC24: =$W24*$R$12 -> #DIV/0! | BD24: =$Z24*$X$12 -> 0 | BE24: =BA24+BB24+BC24+BD24 -> #DIV/0! | BF24: =$AH24*$AC$12 -> #DIV/0! | BG24: =$AN24*$AI$12 -> #DIV/0! | BH24: =$AT24*$AO$12 -> #DIV/0! | BI24: =$AW24*$AU$12 -> 0 | BJ24: =(BF24+BG24+BH24+BI24) -> #DIV/0! | BK24: =(BE24+BJ24)/2 -> #DIV/0! | BO24: =(BE24+BJ24)/2 -> #DIV/0!
